"snapshot_at_utc","kind","source","service_type","code","name","city_name","vworld_result","vworld_checked_at_utc","kakao_result","kakao_checked_at_utc","unlocated_reason"
"2026-09-30T06:15:20Z","bus_terminal","data_go_kr_tago","express","NAEK010","서울경부","","no_unique_verified_match","2026-09-29T15:10:44.324454+00:00","no_unique_verified_match","2026-09-29T15:13:39.90423+00:00","no_unique_verified_match"
"2026-09-30T06:15:20Z","bus_terminal","data_go_kr_tago","express","NAEK020","센트럴시티(서울)","","not_searched","","not_searched","","excluded_duplicate_name"
"2026-09-30T06:15:20Z","bus_terminal","data_go_kr_tago","express","NAEK021","센트럴시티(서울)","","not_searched","","not_searched","","excluded_duplicate_name"
"2026-09-30T06:15:20Z","bus_terminal","data_go_kr_tago","express","NAEK030","동서울","","not_searched","","not_searched","","excluded_duplicate_name"
"2026-09-30T06:15:20Z","bus_terminal","data_go_kr_tago","express","NAEK031","동서울","","not_searched","","not_searched","","excluded_duplicate_name"
"2026-09-30T06:15:20Z","bus_terminal","data_go_kr_tago","express","NAEK032","동서울","","not_searched","","not_searched","","excluded_duplicate_name"
"2026-09-30T06:15:20Z","bus_terminal","data_go_kr_tago","express","NAEK035","동서울","","not_searched","","not_searched","","excluded_duplicate_name"
"2026-09-30T06:15:20Z","bus_terminal","data_go_kr_tago","express","NAEK040","상봉","","no_unique_verified_match","2026-09-29T15:10:45.047934+00:00","no_unique_verified_match","2026-09-29T15:13:41.343252+00:00","no_unique_verified_match"
"2026-09-30T06:15:20Z","bus_terminal","data_go_kr_tago","express","NAEK045","파주문산","","no_unique_verified_match","2026-09-29T15:10:45.163189+00:00","no_unique_verified_match","2026-09-29T15:13:41.645858+00:00","no_unique_verified_match"
"2026-09-30T06:15:20Z","bus_terminal","data_go_kr_tago","express","NAEK046","파주운정","","no_unique_verified_match","2026-09-29T15:10:45.757698+00:00","no_unique_verified_match","2026-09-29T15:13:42.204816+00:00","no_unique_verified_match"
"2026-09-30T06:15:20Z","bus_terminal","data_go_kr_tago","express","NAEK050","서울남부","","no_unique_verified_match","2026-09-29T15:10:45.905283+00:00","no_unique_verified_match","2026-09-29T15:13:42.713552+00:00","no_unique_verified_match"
"2026-09-30T06:15:20Z","bus_terminal","data_go_kr_tago","express","NAEK060","김포공항","","not_searched","","not_searched","","excluded_duplicate_name"
"2026-09-30T06:15:20Z","bus_terminal","data_go_kr_tago","express","NAEK101","부천","","no_unique_verified_match","2026-09-29T15:10:46.449297+00:00","no_unique_verified_match","2026-09-29T15:13:43.001901+00:00","no_unique_verified_match"
"2026-09-30T06:15:20Z","bus_terminal","data_go_kr_tago","express","NAEK102","송내","","no_unique_verified_match","2026-09-29T15:10:46.510302+00:00","no_unique_verified_match","2026-09-29T15:13:43.253323+00:00","no_unique_verified_match"
"2026-09-30T06:15:20Z","bus_terminal","data_go_kr_tago","express","NAEK103","김포","","no_unique_verified_match","2026-09-29T15:10:46.570949+00:00","no_unique_verified_match","2026-09-29T15:13:43.512738+00:00","no_unique_verified_match"
"2026-09-30T06:15:20Z","bus_terminal","data_go_kr_tago","express","NAEK104","김포공항","","not_searched","","not_searched","","excluded_duplicate_name"
"2026-09-30T06:15:20Z","bus_terminal","data_go_kr_tago","express","NAEK105","인천공항T1","","no_unique_verified_match","2026-09-29T15:10:46.72681+00:00","no_unique_verified_match","2026-09-29T15:13:44.089503+00:00","no_unique_verified_match"
"2026-09-30T06:15:20Z","bus_terminal","data_go_kr_tago","express","NAEK106","송도","","no_unique_verified_match","2026-09-29T15:10:46.827863+00:00","no_unique_verified_match","2026-09-29T15:13:44.625617+00:00","no_unique_verified_match"
"2026-09-30T06:15:20Z","bus_terminal","data_go_kr_tago","express","NAEK107","호계금호","","no_unique_verified_match","2026-09-29T15:10:46.946339+00:00","no_unique_verified_match","2026-09-29T15:13:45.292854+00:00","no_unique_verified_match"
"2026-09-30T06:15:20Z","bus_terminal","data_go_kr_tago","express","NAEK108","호계동","","no_unique_verified_match","2026-09-29T15:10:47.489956+00:00","no_unique_verified_match","2026-09-29T15:13:45.96945+00:00","no_unique_verified_match"
"2026-09-30T06:15:20Z","bus_terminal","data_go_kr_tago","express","NAEK109","서수원","","no_unique_verified_match","2026-09-29T15:10:47.592203+00:00","no_unique_verified_match","2026-09-29T15:13:46.50318+00:00","no_unique_verified_match"
"2026-09-30T06:15:20Z","bus_terminal","data_go_kr_tago","express","NAEK111","용인신갈","","no_unique_verified_match","2026-09-29T15:10:47.812136+00:00","no_unique_verified_match","2026-09-29T15:13:47.094995+00:00","no_unique_verified_match"
"2026-09-30T06:15:20Z","bus_terminal","data_go_kr_tago","express","NAEK112","영통","","no_unique_verified_match","2026-09-29T15:10:47.872435+00:00","no_unique_verified_match","2026-09-29T15:13:47.620894+00:00","no_unique_verified_match"
"2026-09-30T06:15:20Z","bus_terminal","data_go_kr_tago","express","NAEK113","아주대","","no_unique_verified_match","2026-09-29T15:10:48.023723+00:00","no_unique_verified_match","2026-09-29T15:13:48.238073+00:00","no_unique_verified_match"
"2026-09-30T06:15:20Z","bus_terminal","data_go_kr_tago","express","NAEK114","신갈시외","","no_unique_verified_match","2026-09-29T15:10:48.127086+00:00","no_unique_verified_match","2026-09-29T15:13:48.669491+00:00","no_unique_verified_match"
"2026-09-30T06:15:20Z","bus_terminal","data_go_kr_tago","express","NAEK115","고양화정","","no_unique_verified_match","2026-09-29T15:10:48.22824+00:00","no_unique_verified_match","2026-09-29T15:13:48.916177+00:00","no_unique_verified_match"
"2026-09-30T06:15:20Z","bus_terminal","data_go_kr_tago","express","NAEK116","고양백석","","no_unique_verified_match","2026-09-29T15:10:48.447282+00:00","no_unique_verified_match","2026-09-29T15:13:49.176715+00:00","no_unique_verified_match"
"2026-09-30T06:15:20Z","bus_terminal","data_go_kr_tago","express","NAEK117","인천공항T2","","no_unique_verified_match","2026-09-29T15:10:51.175893+00:00","no_unique_verified_match","2026-09-29T15:13:49.434815+00:00","no_unique_verified_match"
"2026-09-30T06:15:20Z","bus_terminal","data_go_kr_tago","express","NAEK118","죽전","","no_unique_verified_match","2026-09-29T15:10:51.815526+00:00","no_unique_verified_match","2026-09-29T15:13:49.942298+00:00","no_unique_verified_match"
"2026-09-30T06:15:20Z","bus_terminal","data_go_kr_tago","express","NAEK119","신갈영덕","","no_unique_verified_match","2026-09-29T15:10:52.353535+00:00","no_unique_verified_match","2026-09-29T15:13:50.459029+00:00","no_unique_verified_match"
"2026-09-30T06:15:20Z","bus_terminal","data_go_kr_tago","express","NAEK120","성남","","not_searched","","not_searched","","excluded_duplicate_name"
"2026-09-30T06:15:20Z","bus_terminal","data_go_kr_tago","express","NAEK121","성남","","not_searched","","not_searched","","excluded_duplicate_name"
"2026-09-30T06:15:20Z","bus_terminal","data_go_kr_tago","express","NAEK122","병점","","no_unique_verified_match","2026-09-29T15:10:55.151426+00:00","no_unique_verified_match","2026-09-29T15:13:51.581987+00:00","no_unique_verified_match"
"2026-09-30T06:15:20Z","bus_terminal","data_go_kr_tago","express","NAEK123","동천(호남)","","no_unique_verified_match","2026-09-29T15:10:55.693399+00:00","no_unique_verified_match","2026-09-29T15:13:52.089623+00:00","no_unique_verified_match"
"2026-09-30T06:15:20Z","bus_terminal","data_go_kr_tago","express","NAEK124","공항왕복","","no_unique_verified_match","2026-09-29T15:10:55.882046+00:00","no_unique_verified_match","2026-09-29T15:13:52.619346+00:00","no_unique_verified_match"
"2026-09-30T06:15:20Z","bus_terminal","data_go_kr_tago","express","NAEK125","광명","","no_unique_verified_match","2026-09-29T15:10:56.524002+00:00","no_unique_verified_match","2026-09-29T15:13:53.125206+00:00","no_unique_verified_match"
"2026-09-30T06:15:20Z","bus_terminal","data_go_kr_tago","express","NAEK126","철산","","no_unique_verified_match","2026-09-29T15:10:56.713569+00:00","incomplete_page","2026-09-29T15:13:53.641437+00:00","incomplete_page"
"2026-09-30T06:15:20Z","bus_terminal","data_go_kr_tago","express","NAEK127","오산","","no_unique_verified_match","2026-09-29T15:10:57.142254+00:00","no_unique_verified_match","2026-09-29T15:13:54.155443+00:00","no_unique_verified_match"
"2026-09-30T06:15:20Z","bus_terminal","data_go_kr_tago","express","NAEK128","병점역","","no_unique_verified_match","2026-09-29T15:10:57.401397+00:00","no_unique_verified_match","2026-09-29T15:13:54.698831+00:00","no_unique_verified_match"
"2026-09-30T06:15:20Z","bus_terminal","data_go_kr_tago","express","NAEK131","안성중대","","no_unique_verified_match","2026-09-29T15:10:57.93372+00:00","no_unique_verified_match","2026-09-29T15:13:55.191724+00:00","no_unique_verified_match"
"2026-09-30T06:15:20Z","bus_terminal","data_go_kr_tago","express","NAEK132","안성풍림","","no_unique_verified_match","2026-09-29T15:10:58.276768+00:00","no_unique_verified_match","2026-09-29T15:13:55.501269+00:00","no_unique_verified_match"
"2026-09-30T06:15:20Z","bus_terminal","data_go_kr_tago","express","NAEK133","안성공도","","no_unique_verified_match","2026-09-29T15:10:58.573987+00:00","no_unique_verified_match","2026-09-29T15:13:56.01012+00:00","no_unique_verified_match"
"2026-09-30T06:15:20Z","bus_terminal","data_go_kr_tago","express","NAEK134","안성한경","","no_unique_verified_match","2026-09-29T15:10:58.767967+00:00","no_unique_verified_match","2026-09-29T15:13:56.542345+00:00","no_unique_verified_match"
"2026-09-30T06:15:20Z","bus_terminal","data_go_kr_tago","express","NAEK135","안양역","","no_unique_verified_match","2026-09-29T15:10:59.086546+00:00","no_unique_verified_match","2026-09-29T15:13:57.128989+00:00","no_unique_verified_match"
"2026-09-30T06:15:20Z","bus_terminal","data_go_kr_tago","express","NAEK136","평촌","","no_unique_verified_match","2026-09-29T15:10:59.3942+00:00","no_unique_verified_match","2026-09-29T15:13:57.666462+00:00","no_unique_verified_match"
"2026-09-30T06:15:20Z","bus_terminal","data_go_kr_tago","express","NAEK137","안성대림","","no_unique_verified_match","2026-09-29T15:10:59.496805+00:00","no_unique_verified_match","2026-09-29T15:13:58.268015+00:00","no_unique_verified_match"
"2026-09-30T06:15:20Z","bus_terminal","data_go_kr_tago","express","NAEK138","안성회관","","no_unique_verified_match","2026-09-29T15:10:59.698351+00:00","no_unique_verified_match","2026-09-29T15:13:58.780994+00:00","no_unique_verified_match"
"2026-09-30T06:15:20Z","bus_terminal","data_go_kr_tago","express","NAEK139","여주대","","no_unique_verified_match","2026-09-29T15:10:59.953553+00:00","no_unique_verified_match","2026-09-29T15:13:59.034709+00:00","no_unique_verified_match"
"2026-09-30T06:15:20Z","bus_terminal","data_go_kr_tago","express","NAEK140","여주","","no_unique_verified_match","2026-09-29T15:11:00.334712+00:00","no_unique_verified_match","2026-09-29T15:13:59.305998+00:00","no_unique_verified_match"
"2026-09-30T06:15:20Z","bus_terminal","data_go_kr_tago","express","NAEK141","여주프리","","no_unique_verified_match","2026-09-29T15:11:00.425417+00:00","no_unique_verified_match","2026-09-29T15:13:59.854723+00:00","no_unique_verified_match"
"2026-09-30T06:15:20Z","bus_terminal","data_go_kr_tago","express","NAEK142","오천","","no_unique_verified_match","2026-09-29T15:11:00.521016+00:00","no_unique_verified_match","2026-09-29T15:14:00.388756+00:00","no_unique_verified_match"
"2026-09-30T06:15:20Z","bus_terminal","data_go_kr_tago","express","NAEK143","이천시외","","no_unique_verified_match","2026-09-29T15:11:00.725862+00:00","no_unique_verified_match","2026-09-29T15:14:00.658096+00:00","no_unique_verified_match"
"2026-09-30T06:15:20Z","bus_terminal","data_go_kr_tago","express","NAEK144","부밭","","no_unique_verified_match","2026-09-29T15:11:01.048253+00:00","no_unique_verified_match","2026-09-29T15:14:00.920695+00:00","no_unique_verified_match"
"2026-09-30T06:15:20Z","bus_terminal","data_go_kr_tago","express","NAEK145","능서","","no_unique_verified_match","2026-09-29T15:11:01.355976+00:00","no_unique_verified_match","2026-09-29T15:14:01.234438+00:00","no_unique_verified_match"
"2026-09-30T06:15:20Z","bus_terminal","data_go_kr_tago","express","NAEK146","포천","","no_unique_verified_match","2026-09-29T15:11:01.440666+00:00","no_unique_verified_match","2026-09-29T15:14:01.837416+00:00","no_unique_verified_match"
"2026-09-30T06:15:20Z","bus_terminal","data_go_kr_tago","express","NAEK147","신철원","","no_unique_verified_match","2026-09-29T15:11:01.709808+00:00","no_unique_verified_match","2026-09-29T15:14:02.383454+00:00","no_unique_verified_match"
"2026-09-30T06:15:20Z","bus_terminal","data_go_kr_tago","express","NAEK148","철원","","no_unique_verified_match","2026-09-29T15:11:01.837073+00:00","no_unique_verified_match","2026-09-29T15:14:02.687469+00:00","no_unique_verified_match"
"2026-09-30T06:15:20Z","bus_terminal","data_go_kr_tago","express","NAEK149","용인유림","","no_unique_verified_match","2026-09-29T15:11:02.155865+00:00","no_unique_verified_match","2026-09-29T15:14:03.281998+00:00","no_unique_verified_match"
"2026-09-30T06:15:20Z","bus_terminal","data_go_kr_tago","express","NAEK150","용인","","no_unique_verified_match","2026-09-29T15:11:02.379996+00:00","no_unique_verified_match","2026-09-29T15:14:03.592599+00:00","no_unique_verified_match"
"2026-09-30T06:15:20Z","bus_terminal","data_go_kr_tago","express","NAEK151","경기광주","","no_unique_verified_match","2026-09-29T15:11:02.465766+00:00","no_unique_verified_match","2026-09-29T15:14:04.107986+00:00","no_unique_verified_match"
"2026-09-30T06:15:20Z","bus_terminal","data_go_kr_tago","express","NAEK152","둔전","","no_unique_verified_match","2026-09-29T15:11:02.687371+00:00","no_unique_verified_match","2026-09-29T15:14:04.378941+00:00","no_unique_verified_match"
"2026-09-30T06:15:20Z","bus_terminal","data_go_kr_tago","express","NAEK153","삼계리","","no_unique_verified_match","2026-09-29T15:11:02.862622+00:00","no_unique_verified_match","2026-09-29T15:14:04.676277+00:00","no_unique_verified_match"
"2026-09-30T06:15:20Z","bus_terminal","data_go_kr_tago","express","NAEK154","경방","","no_unique_verified_match","2026-09-29T15:11:03.12322+00:00","no_unique_verified_match","2026-09-29T15:14:05.351836+00:00","no_unique_verified_match"
"2026-09-30T06:15:20Z","bus_terminal","data_go_kr_tago","express","NAEK155","초부리","","no_unique_verified_match","2026-09-29T15:11:03.39442+00:00","no_unique_verified_match","2026-09-29T15:14:05.909753+00:00","no_unique_verified_match"
"2026-09-30T06:15:20Z","bus_terminal","data_go_kr_tago","express","NAEK156","모현","","no_unique_verified_match","2026-09-29T15:11:03.704886+00:00","no_unique_verified_match","2026-09-29T15:14:06.510954+00:00","no_unique_verified_match"
"2026-09-30T06:15:20Z","bus_terminal","data_go_kr_tago","express","NAEK157","매산리","","no_unique_verified_match","2026-09-29T15:11:03.897407+00:00","no_unique_verified_match","2026-09-29T15:14:07.156381+00:00","no_unique_verified_match"
"2026-09-30T06:15:20Z","bus_terminal","data_go_kr_tago","express","NAEK158","양벌리","","no_unique_verified_match","2026-09-29T15:11:04.222388+00:00","no_unique_verified_match","2026-09-29T15:14:07.850313+00:00","no_unique_verified_match"
"2026-09-30T06:15:20Z","bus_terminal","data_go_kr_tago","express","NAEK159","9구간","","no_unique_verified_match","2026-09-29T15:11:04.618144+00:00","no_unique_verified_match","2026-09-29T15:14:08.378758+00:00","no_unique_verified_match"
"2026-09-30T06:15:20Z","bus_terminal","data_go_kr_tago","express","NAEK160","이천","","no_unique_verified_match","2026-09-29T15:11:04.819316+00:00","no_unique_verified_match","2026-09-29T15:14:08.991411+00:00","no_unique_verified_match"
"2026-09-30T06:15:20Z","bus_terminal","data_go_kr_tago","express","NAEK161","용인기흥역","","no_unique_verified_match","2026-09-29T15:11:05.128887+00:00","no_unique_verified_match","2026-09-29T15:14:09.560714+00:00","no_unique_verified_match"
"2026-09-30T06:15:20Z","bus_terminal","data_go_kr_tago","express","NAEK162","2구간","","no_unique_verified_match","2026-09-29T15:11:05.320198+00:00","no_unique_verified_match","2026-09-29T15:14:10.207286+00:00","no_unique_verified_match"
"2026-09-30T06:15:20Z","bus_terminal","data_go_kr_tago","express","NAEK163","3구간","","no_unique_verified_match","2026-09-29T15:11:05.54735+00:00","no_unique_verified_match","2026-09-29T15:14:10.846931+00:00","no_unique_verified_match"
"2026-09-30T06:15:20Z","bus_terminal","data_go_kr_tago","express","NAEK164","4구간","","no_unique_verified_match","2026-09-29T15:11:05.76518+00:00","no_unique_verified_match","2026-09-29T15:14:11.38504+00:00","no_unique_verified_match"
"2026-09-30T06:15:20Z","bus_terminal","data_go_kr_tago","express","NAEK165","5구간","","no_unique_verified_match","2026-09-29T15:11:05.850188+00:00","no_unique_verified_match","2026-09-29T15:14:11.928664+00:00","no_unique_verified_match"
"2026-09-30T06:15:20Z","bus_terminal","data_go_kr_tago","express","NAEK166","6구간","","no_unique_verified_match","2026-09-29T15:11:06.055297+00:00","no_unique_verified_match","2026-09-29T15:14:12.48613+00:00","no_unique_verified_match"
"2026-09-30T06:15:20Z","bus_terminal","data_go_kr_tago","express","NAEK167","7구간","","no_unique_verified_match","2026-09-29T15:11:06.277334+00:00","no_unique_verified_match","2026-09-29T15:14:12.793146+00:00","no_unique_verified_match"
"2026-09-30T06:15:20Z","bus_terminal","data_go_kr_tago","express","NAEK168","의정부역","","no_unique_verified_match","2026-09-29T15:11:06.786917+00:00","no_unique_verified_match","2026-09-29T15:14:13.111707+00:00","no_unique_verified_match"
"2026-09-30T06:15:20Z","bus_terminal","data_go_kr_tago","express","NAEK169","구리","","no_unique_verified_match","2026-09-29T15:11:07.074043+00:00","no_unique_verified_match","2026-09-29T15:14:13.757293+00:00","no_unique_verified_match"
"2026-09-30T06:15:20Z","bus_terminal","data_go_kr_tago","express","NAEK170","의정부","","not_searched","","not_searched","","excluded_duplicate_name"
"2026-09-30T06:15:20Z","bus_terminal","data_go_kr_tago","express","NAEK171","이천마장","","no_unique_verified_match","2026-09-29T15:11:07.495104+00:00","no_unique_verified_match","2026-09-29T15:14:14.666572+00:00","no_unique_verified_match"
"2026-09-30T06:15:20Z","bus_terminal","data_go_kr_tago","express","NAEK172","이천부발","","no_unique_verified_match","2026-09-29T15:11:07.795975+00:00","no_unique_verified_match","2026-09-29T15:14:15.226352+00:00","no_unique_verified_match"
"2026-09-30T06:15:20Z","bus_terminal","data_go_kr_tago","express","NAEK173","의정부","","not_searched","","not_searched","","excluded_duplicate_name"
"2026-09-30T06:15:20Z","bus_terminal","data_go_kr_tago","express","NAEK174","평택용이","","no_unique_verified_match","2026-09-29T15:11:08.202448+00:00","no_unique_verified_match","2026-09-29T15:14:16.087791+00:00","no_unique_verified_match"
"2026-09-30T06:15:20Z","bus_terminal","data_go_kr_tago","express","NAEK175","평택대","","no_unique_verified_match","2026-09-29T15:11:08.520072+00:00","no_unique_verified_match","2026-09-29T15:14:16.603082+00:00","no_unique_verified_match"
"2026-09-30T06:15:20Z","bus_terminal","data_go_kr_tago","express","NAEK176","안중오거리","","no_unique_verified_match","2026-09-29T15:11:08.915709+00:00","no_unique_verified_match","2026-09-29T15:14:17.112594+00:00","no_unique_verified_match"
"2026-09-30T06:15:20Z","bus_terminal","data_go_kr_tago","express","NAEK177","안중","","no_unique_verified_match","2026-09-29T15:11:09.229277+00:00","no_unique_verified_match","2026-09-29T15:14:17.626973+00:00","no_unique_verified_match"
"2026-09-30T06:15:20Z","bus_terminal","data_go_kr_tago","express","NAEK178","평택시외","","no_unique_verified_match","2026-09-29T15:11:09.328157+00:00","no_unique_verified_match","2026-09-29T15:14:17.934362+00:00","no_unique_verified_match"
"2026-09-30T06:15:20Z","bus_terminal","data_go_kr_tago","express","NAEK179","평택굿모닝병원","","no_unique_verified_match","2026-09-29T15:11:09.554401+00:00","no_unique_verified_match","2026-09-29T15:14:18.452494+00:00","no_unique_verified_match"
"2026-09-30T06:15:20Z","bus_terminal","data_go_kr_tago","express","NAEK186","운천","","no_unique_verified_match","2026-09-29T15:11:10.058885+00:00","no_unique_verified_match","2026-09-29T15:14:18.983908+00:00","no_unique_verified_match"
"2026-09-30T06:15:20Z","bus_terminal","data_go_kr_tago","express","NAEK187","장현","","no_unique_verified_match","2026-09-29T15:11:10.173499+00:00","no_unique_verified_match","2026-09-29T15:14:19.500423+00:00","no_unique_verified_match"
"2026-09-30T06:15:20Z","bus_terminal","data_go_kr_tago","express","NAEK191","상록수역","","no_unique_verified_match","2026-09-29T15:11:10.443761+00:00","no_unique_verified_match","2026-09-29T15:14:19.768192+00:00","no_unique_verified_match"
"2026-09-30T06:15:20Z","bus_terminal","data_go_kr_tago","express","NAEK195","시흥시화","","no_unique_verified_match","2026-09-29T15:11:10.661735+00:00","no_unique_verified_match","2026-09-29T15:14:20.325092+00:00","no_unique_verified_match"
"2026-09-30T06:15:20Z","bus_terminal","data_go_kr_tago","express","NAEK201","경포해변","","no_unique_verified_match","2026-09-29T15:11:10.969993+00:00","no_unique_verified_match","2026-09-29T15:14:20.833639+00:00","no_unique_verified_match"
"2026-09-30T06:15:20Z","bus_terminal","data_go_kr_tago","express","NAEK202","주문진","","no_unique_verified_match","2026-09-29T15:11:11.071312+00:00","no_unique_verified_match","2026-09-29T15:14:21.377048+00:00","no_unique_verified_match"
"2026-09-30T06:15:20Z","bus_terminal","data_go_kr_tago","express","NAEK203","가톨릭관동대강릉","","no_unique_verified_match","2026-09-29T15:11:11.32482+00:00","incomplete_page","2026-09-29T15:14:21.630659+00:00","incomplete_page"
"2026-09-30T06:15:20Z","bus_terminal","data_go_kr_tago","express","NAEK204","동산해변","","no_unique_verified_match","2026-09-29T15:11:11.394949+00:00","no_unique_verified_match","2026-09-29T15:14:21.898948+00:00","no_unique_verified_match"
"2026-09-30T06:15:20Z","bus_terminal","data_go_kr_tago","express","NAEK211","동해그린","","no_unique_verified_match","2026-09-29T15:11:11.699075+00:00","no_unique_verified_match","2026-09-29T15:14:22.445816+00:00","no_unique_verified_match"
"2026-09-30T06:15:20Z","bus_terminal","data_go_kr_tago","express","NAEK219","강원대","","no_unique_verified_match","2026-09-29T15:11:11.848592+00:00","no_unique_verified_match","2026-09-29T15:14:22.963059+00:00","no_unique_verified_match"
"2026-09-30T06:15:20Z","bus_terminal","data_go_kr_tago","express","NAEK221","삼척해변","","no_unique_verified_match","2026-09-29T15:11:12.504031+00:00","no_unique_verified_match","2026-09-29T15:14:23.222187+00:00","no_unique_verified_match"
"2026-09-30T06:15:20Z","bus_terminal","data_go_kr_tago","express","NAEK222","정선","","no_unique_verified_match","2026-09-29T15:11:12.607628+00:00","no_unique_verified_match","2026-09-29T15:14:23.53098+00:00","no_unique_verified_match"
"2026-09-30T06:15:20Z","bus_terminal","data_go_kr_tago","express","NAEK235","횡계","","no_unique_verified_match","2026-09-29T15:11:12.921314+00:00","no_unique_verified_match","2026-09-29T15:14:23.78104+00:00","no_unique_verified_match"
"2026-09-30T06:15:20Z","bus_terminal","data_go_kr_tago","express","NAEK238","횡성","","not_searched","","not_searched","","excluded_duplicate_name"
"2026-09-30T06:15:20Z","bus_terminal","data_go_kr_tago","express","NAEK239","횡성","","not_searched","","not_searched","","excluded_duplicate_name"
"2026-09-30T06:15:20Z","bus_terminal","data_go_kr_tago","express","NAEK241","횡성시외","","no_unique_verified_match","2026-09-29T15:11:13.796165+00:00","no_unique_verified_match","2026-09-29T15:14:24.837782+00:00","no_unique_verified_match"
"2026-09-30T06:15:20Z","bus_terminal","data_go_kr_tago","express","NAEK242","홍천","","no_unique_verified_match","2026-09-29T15:11:14.130784+00:00","no_unique_verified_match","2026-09-29T15:14:25.350021+00:00","no_unique_verified_match"
"2026-09-30T06:15:20Z","bus_terminal","data_go_kr_tago","express","NAEK243","낙산","","no_unique_verified_match","2026-09-29T15:11:15.01566+00:00","no_unique_verified_match","2026-09-29T15:14:25.604245+00:00","no_unique_verified_match"
"2026-09-30T06:15:20Z","bus_terminal","data_go_kr_tago","express","NAEK244","원주혁신","","no_unique_verified_match","2026-09-29T15:11:16.003246+00:00","no_unique_verified_match","2026-09-29T15:14:26.119823+00:00","no_unique_verified_match"
"2026-09-30T06:15:20Z","bus_terminal","data_go_kr_tago","express","NAEK245","원주문막","","no_unique_verified_match","2026-09-29T15:11:16.265075+00:00","no_unique_verified_match","2026-09-29T15:14:26.633612+00:00","no_unique_verified_match"
"2026-09-30T06:15:20Z","bus_terminal","data_go_kr_tago","express","NAEK246","원주기업도시","","no_unique_verified_match","2026-09-29T15:11:16.5309+00:00","no_unique_verified_match","2026-09-29T15:14:26.897179+00:00","no_unique_verified_match"
"2026-09-30T06:15:20Z","bus_terminal","data_go_kr_tago","express","NAEK247","원주심사평가원","","no_unique_verified_match","2026-09-29T15:11:16.58504+00:00","no_unique_verified_match","2026-09-29T15:14:27.149992+00:00","no_unique_verified_match"
"2026-09-30T06:15:20Z","bus_terminal","data_go_kr_tago","express","NAEK248","원주의료진흥원","","no_unique_verified_match","2026-09-29T15:11:16.725618+00:00","no_unique_verified_match","2026-09-29T15:14:27.420948+00:00","no_unique_verified_match"
"2026-09-30T06:15:20Z","bus_terminal","data_go_kr_tago","express","NAEK252","청평","","no_unique_verified_match","2026-09-29T15:11:16.940477+00:00","no_unique_verified_match","2026-09-29T15:14:27.725+00:00","no_unique_verified_match"
"2026-09-30T06:15:20Z","bus_terminal","data_go_kr_tago","express","NAEK255","가평","","no_unique_verified_match","2026-09-29T15:11:16.99803+00:00","no_unique_verified_match","2026-09-29T15:14:27.983401+00:00","no_unique_verified_match"
"2026-09-30T06:15:20Z","bus_terminal","data_go_kr_tago","express","NAEK257","강촌","","no_unique_verified_match","2026-09-29T15:11:17.055211+00:00","no_unique_verified_match","2026-09-29T15:14:28.47801+00:00","no_unique_verified_match"
"2026-09-30T06:15:20Z","bus_terminal","data_go_kr_tago","express","NAEK260","화천","","no_unique_verified_match","2026-09-29T15:11:17.265596+00:00","no_unique_verified_match","2026-09-29T15:14:28.734393+00:00","no_unique_verified_match"
"2026-09-30T06:15:20Z","bus_terminal","data_go_kr_tago","express","NAEK270","양양","","no_unique_verified_match","2026-09-29T15:11:17.317394+00:00","no_unique_verified_match","2026-09-29T15:14:29.032015+00:00","no_unique_verified_match"
"2026-09-30T06:15:20Z","bus_terminal","data_go_kr_tago","express","NAEK272","영월","","no_unique_verified_match","2026-09-29T15:11:17.774288+00:00","no_unique_verified_match","2026-09-29T15:14:29.547568+00:00","no_unique_verified_match"
"2026-09-30T06:15:20Z","bus_terminal","data_go_kr_tago","express","NAEK273","고한사북","","no_unique_verified_match","2026-09-29T15:11:17.87995+00:00","no_unique_verified_match","2026-09-29T15:14:30.107958+00:00","no_unique_verified_match"
"2026-09-30T06:15:20Z","bus_terminal","data_go_kr_tago","express","NAEK274","태백","","no_unique_verified_match","2026-09-29T15:11:18.541761+00:00","no_unique_verified_match","2026-09-29T15:14:30.362689+00:00","no_unique_verified_match"
"2026-09-30T06:15:20Z","bus_terminal","data_go_kr_tago","express","NAEK300","대전복합","","not_searched","","not_searched","","excluded_duplicate_name"
"2026-09-30T06:15:20Z","bus_terminal","data_go_kr_tago","express","NAEK301","대전복합","","not_searched","","not_searched","","excluded_duplicate_name"
"2026-09-30T06:15:20Z","bus_terminal","data_go_kr_tago","express","NAEK302","대전시외","","no_unique_verified_match","2026-09-29T15:11:19.054633+00:00","no_unique_verified_match","2026-09-29T15:14:30.899759+00:00","no_unique_verified_match"
"2026-09-30T06:15:20Z","bus_terminal","data_go_kr_tago","express","NAEK303","신탄진역","","no_unique_verified_match","2026-09-29T15:11:19.657343+00:00","no_unique_verified_match","2026-09-29T15:14:31.420936+00:00","no_unique_verified_match"
"2026-09-30T06:15:20Z","bus_terminal","data_go_kr_tago","express","NAEK305","대전청사(샘머리)","","no_unique_verified_match","2026-09-29T15:11:19.974769+00:00","no_unique_verified_match","2026-09-29T15:14:31.681972+00:00","no_unique_verified_match"
"2026-09-30T06:15:20Z","bus_terminal","data_go_kr_tago","express","NAEK306","청사시외","","no_unique_verified_match","2026-09-29T15:11:21.141101+00:00","no_unique_verified_match","2026-09-29T15:14:32.210924+00:00","no_unique_verified_match"
"2026-09-30T06:15:20Z","bus_terminal","data_go_kr_tago","express","NAEK307","대전도룡","","no_unique_verified_match","2026-09-29T15:11:21.20629+00:00","no_unique_verified_match","2026-09-29T15:14:32.744035+00:00","no_unique_verified_match"
"2026-09-30T06:15:20Z","bus_terminal","data_go_kr_tago","express","NAEK309","천안IC","","no_unique_verified_match","2026-09-29T15:11:22.236828+00:00","no_unique_verified_match","2026-09-29T15:14:33.011709+00:00","no_unique_verified_match"
"2026-09-30T06:15:20Z","bus_terminal","data_go_kr_tago","express","NAEK313","서산","","not_searched","","not_searched","","excluded_duplicate_name"
"2026-09-30T06:15:20Z","bus_terminal","data_go_kr_tago","express","NAEK315","정안","","not_searched","","not_searched","","excluded_duplicate_name"
"2026-09-30T06:15:20Z","bus_terminal","data_go_kr_tago","express","NAEK316","정안","","not_searched","","not_searched","","excluded_duplicate_name"
"2026-09-30T06:15:20Z","bus_terminal","data_go_kr_tago","express","NAEK321","유구","","no_unique_verified_match","2026-09-29T15:11:24.635173+00:00","no_unique_verified_match","2026-09-29T15:14:33.258788+00:00","no_unique_verified_match"
"2026-09-30T06:15:20Z","bus_terminal","data_go_kr_tago","express","NAEK324","인삼랜드","","not_searched","","not_searched","","excluded_duplicate_name"
"2026-09-30T06:15:20Z","bus_terminal","data_go_kr_tago","express","NAEK325","인삼랜드","","not_searched","","not_searched","","excluded_duplicate_name"
"2026-09-30T06:15:20Z","bus_terminal","data_go_kr_tago","express","NAEK331","금산추부","","no_unique_verified_match","2026-09-29T15:11:25.912909+00:00","no_unique_verified_match","2026-09-29T15:14:33.763612+00:00","no_unique_verified_match"
"2026-09-30T06:15:20Z","bus_terminal","data_go_kr_tago","express","NAEK335","천안종합운동장","","no_unique_verified_match","2026-09-29T15:11:26.937585+00:00","no_unique_verified_match","2026-09-29T15:14:34.283991+00:00","no_unique_verified_match"
"2026-09-30T06:15:20Z","bus_terminal","data_go_kr_tago","express","NAEK336","아산시외","","no_unique_verified_match","2026-09-29T15:11:28.178406+00:00","no_unique_verified_match","2026-09-29T15:14:34.777049+00:00","no_unique_verified_match"
"2026-09-30T06:15:20Z","bus_terminal","data_go_kr_tago","express","NAEK337","배방정류소","","no_unique_verified_match","2026-09-29T15:11:28.270729+00:00","no_unique_verified_match","2026-09-29T15:14:35.269418+00:00","no_unique_verified_match"
"2026-09-30T06:15:20Z","bus_terminal","data_go_kr_tago","express","NAEK338","아산테크노밸리","","no_unique_verified_match","2026-09-29T15:11:28.781932+00:00","no_unique_verified_match","2026-09-29T15:14:35.770516+00:00","no_unique_verified_match"
"2026-09-30T06:15:20Z","bus_terminal","data_go_kr_tago","express","NAEK339","아산(둔포)","","no_unique_verified_match","2026-09-29T15:11:29.19192+00:00","no_unique_verified_match","2026-09-29T15:14:36.044956+00:00","no_unique_verified_match"
"2026-09-30T06:15:20Z","bus_terminal","data_go_kr_tago","express","NAEK340","아산온양","","no_unique_verified_match","2026-09-29T15:11:29.485133+00:00","no_unique_verified_match","2026-09-29T15:14:36.299983+00:00","no_unique_verified_match"
"2026-09-30T06:15:20Z","bus_terminal","data_go_kr_tago","express","NAEK341","아산서부","","no_unique_verified_match","2026-09-29T15:11:29.745289+00:00","no_unique_verified_match","2026-09-29T15:14:36.842463+00:00","no_unique_verified_match"
"2026-09-30T06:15:20Z","bus_terminal","data_go_kr_tago","express","NAEK342","아산탕정사무소","","no_unique_verified_match","2026-09-29T15:11:30.057464+00:00","no_unique_verified_match","2026-09-29T15:14:37.393479+00:00","no_unique_verified_match"
"2026-09-30T06:15:20Z","bus_terminal","data_go_kr_tago","express","NAEK343","천안아산역","","no_unique_verified_match","2026-09-29T15:11:30.508471+00:00","no_unique_verified_match","2026-09-29T15:14:37.640469+00:00","no_unique_verified_match"
"2026-09-30T06:15:20Z","bus_terminal","data_go_kr_tago","express","NAEK344","아산둔포","","no_unique_verified_match","2026-09-29T15:11:30.738536+00:00","no_unique_verified_match","2026-09-29T15:14:37.889345+00:00","no_unique_verified_match"
"2026-09-30T06:15:20Z","bus_terminal","data_go_kr_tago","express","NAEK346","천안공단","","no_unique_verified_match","2026-09-29T15:11:31.135266+00:00","no_unique_verified_match","2026-09-29T15:14:38.743455+00:00","no_unique_verified_match"
"2026-09-30T06:15:20Z","bus_terminal","data_go_kr_tago","express","NAEK347","선문대","","no_unique_verified_match","2026-09-29T15:11:31.443409+00:00","no_unique_verified_match","2026-09-29T15:14:39.005363+00:00","no_unique_verified_match"
"2026-09-30T06:15:20Z","bus_terminal","data_go_kr_tago","express","NAEK348","세종시외","","no_unique_verified_match","2026-09-29T15:11:31.752855+00:00","no_unique_verified_match","2026-09-29T15:14:39.265461+00:00","no_unique_verified_match"
"2026-09-30T06:15:20Z","bus_terminal","data_go_kr_tago","express","NAEK349","탕정삼성LCD","","no_unique_verified_match","2026-09-29T15:11:31.898158+00:00","no_unique_verified_match","2026-09-29T15:14:39.793991+00:00","no_unique_verified_match"
"2026-09-30T06:15:20Z","bus_terminal","data_go_kr_tago","express","NAEK350","조치원","","no_unique_verified_match","2026-09-29T15:11:32.1663+00:00","no_unique_verified_match","2026-09-29T15:14:40.353424+00:00","no_unique_verified_match"
"2026-09-30T06:15:20Z","bus_terminal","data_go_kr_tago","express","NAEK351","세종연구단지","","no_unique_verified_match","2026-09-29T15:11:32.473123+00:00","no_unique_verified_match","2026-09-29T15:14:40.615105+00:00","no_unique_verified_match"
"2026-09-30T06:15:20Z","bus_terminal","data_go_kr_tago","express","NAEK352","세종터미널","","incomplete_page","2026-09-29T15:11:32.555281+00:00","incomplete_page","2026-09-29T15:14:40.868924+00:00","incomplete_page"
"2026-09-30T06:15:20Z","bus_terminal","data_go_kr_tago","express","NAEK353","세종청사","","no_unique_verified_match","2026-09-29T15:11:32.778559+00:00","no_unique_verified_match","2026-09-29T15:14:41.370981+00:00","no_unique_verified_match"
"2026-09-30T06:15:20Z","bus_terminal","data_go_kr_tago","express","NAEK354","홍대조치원","","no_unique_verified_match","2026-09-29T15:11:32.88026+00:00","no_unique_verified_match","2026-09-29T15:14:41.621515+00:00","no_unique_verified_match"
"2026-09-30T06:15:20Z","bus_terminal","data_go_kr_tago","express","NAEK355","고대조치원","","no_unique_verified_match","2026-09-29T15:11:33.029602+00:00","no_unique_verified_match","2026-09-29T15:14:41.875786+00:00","no_unique_verified_match"
"2026-09-30T06:15:20Z","bus_terminal","data_go_kr_tago","express","NAEK356","오송역","","no_unique_verified_match","2026-09-29T15:11:33.196173+00:00","no_unique_verified_match","2026-09-29T15:14:42.121598+00:00","no_unique_verified_match"
"2026-09-30T06:15:20Z","bus_terminal","data_go_kr_tago","express","NAEK357","오송단지","","no_unique_verified_match","2026-09-29T15:11:33.33957+00:00","no_unique_verified_match","2026-09-29T15:14:42.371567+00:00","no_unique_verified_match"
"2026-09-30T06:15:20Z","bus_terminal","data_go_kr_tago","express","NAEK358","세종터미널(연구)","","no_unique_verified_match","2026-09-29T15:11:33.648132+00:00","no_unique_verified_match","2026-09-29T15:14:42.617791+00:00","no_unique_verified_match"
"2026-09-30T06:15:20Z","bus_terminal","data_go_kr_tago","express","NAEK359","세종2청사","","no_unique_verified_match","2026-09-29T15:11:34.003089+00:00","no_unique_verified_match","2026-09-29T15:14:42.919811+00:00","no_unique_verified_match"
"2026-09-30T06:15:20Z","bus_terminal","data_go_kr_tago","express","NAEK360","유성복합","","no_unique_verified_match","2026-09-29T15:11:34.217914+00:00","no_unique_verified_match","2026-09-29T15:14:43.4347+00:00","no_unique_verified_match"
"2026-09-30T06:15:20Z","bus_terminal","data_go_kr_tago","express","NAEK361","세종국무조정실","","no_unique_verified_match","2026-09-29T15:11:34.531982+00:00","no_unique_verified_match","2026-09-29T15:14:43.953675+00:00","no_unique_verified_match"
"2026-09-30T06:15:20Z","bus_terminal","data_go_kr_tago","express","NAEK362","세종시청","","no_unique_verified_match","2026-09-29T15:11:34.77061+00:00","no_unique_verified_match","2026-09-29T15:14:44.206579+00:00","no_unique_verified_match"
"2026-09-30T06:15:20Z","bus_terminal","data_go_kr_tago","express","NAEK363","세종아름동","","no_unique_verified_match","2026-09-29T15:11:34.929768+00:00","no_unique_verified_match","2026-09-29T15:14:44.711459+00:00","no_unique_verified_match"
"2026-09-30T06:15:20Z","bus_terminal","data_go_kr_tago","express","NAEK371","한국전통대","","no_unique_verified_match","2026-09-29T15:11:35.440761+00:00","no_unique_verified_match","2026-09-29T15:14:45.206952+00:00","no_unique_verified_match"
"2026-09-30T06:15:20Z","bus_terminal","data_go_kr_tago","express","NAEK372","부여","","no_unique_verified_match","2026-09-29T15:11:35.74543+00:00","no_unique_verified_match","2026-09-29T15:14:45.453909+00:00","no_unique_verified_match"
"2026-09-30T06:15:20Z","bus_terminal","data_go_kr_tago","express","NAEK383","해미","","no_unique_verified_match","2026-09-29T15:11:36.367924+00:00","no_unique_verified_match","2026-09-29T15:14:45.709229+00:00","no_unique_verified_match"
"2026-09-30T06:15:20Z","bus_terminal","data_go_kr_tago","express","NAEK384","서천","","no_unique_verified_match","2026-09-29T15:11:36.561916+00:00","no_unique_verified_match","2026-09-29T15:14:46.283583+00:00","no_unique_verified_match"
"2026-09-30T06:15:20Z","bus_terminal","data_go_kr_tago","express","NAEK385","대산","","no_unique_verified_match","2026-09-29T15:11:36.65236+00:00","no_unique_verified_match","2026-09-29T15:14:46.793002+00:00","no_unique_verified_match"
"2026-09-30T06:15:20Z","bus_terminal","data_go_kr_tago","express","NAEK386","성연","","no_unique_verified_match","2026-09-29T15:11:36.870709+00:00","no_unique_verified_match","2026-09-29T15:14:47.394991+00:00","no_unique_verified_match"
"2026-09-30T06:15:20Z","bus_terminal","data_go_kr_tago","express","NAEK387","원예박람회(꽃지)","","no_unique_verified_match","2026-09-29T15:11:36.973773+00:00","no_unique_verified_match","2026-09-29T15:14:47.928236+00:00","no_unique_verified_match"
"2026-09-30T06:15:20Z","bus_terminal","data_go_kr_tago","express","NAEK388","기지시","","no_unique_verified_match","2026-09-29T15:11:37.074886+00:00","no_unique_verified_match","2026-09-29T15:14:48.23905+00:00","no_unique_verified_match"
"2026-09-30T06:15:20Z","bus_terminal","data_go_kr_tago","express","NAEK389","홍성","","no_unique_verified_match","2026-09-29T15:11:37.178855+00:00","no_unique_verified_match","2026-09-29T15:14:48.490169+00:00","no_unique_verified_match"
"2026-09-30T06:15:20Z","bus_terminal","data_go_kr_tago","express","NAEK390","내포","","no_unique_verified_match","2026-09-29T15:11:37.438426+00:00","no_unique_verified_match","2026-09-29T15:14:48.7707+00:00","no_unique_verified_match"
"2026-09-30T06:15:20Z","bus_terminal","data_go_kr_tago","express","NAEK392","정산","","no_unique_verified_match","2026-09-29T15:11:38.007473+00:00","no_unique_verified_match","2026-09-29T15:14:49.023563+00:00","no_unique_verified_match"
"2026-09-30T06:15:20Z","bus_terminal","data_go_kr_tago","express","NAEK393","서산","","not_searched","","not_searched","","excluded_duplicate_name"
"2026-09-30T06:15:20Z","bus_terminal","data_go_kr_tago","express","NAEK394","태안","","not_searched","","not_searched","","excluded_duplicate_name"
"2026-09-30T06:15:20Z","bus_terminal","data_go_kr_tago","express","NAEK395","보령","","no_unique_verified_match","2026-09-29T15:11:38.209349+00:00","no_unique_verified_match","2026-09-29T15:14:49.278797+00:00","no_unique_verified_match"
"2026-09-30T06:15:20Z","bus_terminal","data_go_kr_tago","express","NAEK396","안면도","","no_unique_verified_match","2026-09-29T15:11:38.417931+00:00","no_unique_verified_match","2026-09-29T15:14:49.80453+00:00","no_unique_verified_match"
"2026-09-30T06:15:20Z","bus_terminal","data_go_kr_tago","express","NAEK397","창기리","","no_unique_verified_match","2026-09-29T15:11:38.527447+00:00","no_unique_verified_match","2026-09-29T15:14:50.070184+00:00","no_unique_verified_match"
"2026-09-30T06:15:20Z","bus_terminal","data_go_kr_tago","express","NAEK398","예산","","no_unique_verified_match","2026-09-29T15:11:38.70051+00:00","no_unique_verified_match","2026-09-29T15:14:50.324313+00:00","no_unique_verified_match"
"2026-09-30T06:15:20Z","bus_terminal","data_go_kr_tago","express","NAEK399","덕산스파","","no_unique_verified_match","2026-09-29T15:11:39.025589+00:00","no_unique_verified_match","2026-09-29T15:14:50.587094+00:00","no_unique_verified_match"
"2026-09-30T06:15:20Z","bus_terminal","data_go_kr_tago","express","NAEK400","청주(고속)","","no_unique_verified_match","2026-09-29T15:11:39.081471+00:00","no_unique_verified_match","2026-09-29T15:14:50.863215+00:00","no_unique_verified_match"
"2026-09-30T06:15:20Z","bus_terminal","data_go_kr_tago","express","NAEK401","청주(센트럴)","","no_unique_verified_match","2026-09-29T15:11:39.373235+00:00","no_unique_verified_match","2026-09-29T15:14:51.129805+00:00","no_unique_verified_match"
"2026-09-30T06:15:20Z","bus_terminal","data_go_kr_tago","express","NAEK402","남청주","","no_unique_verified_match","2026-09-29T15:11:39.428987+00:00","no_unique_verified_match","2026-09-29T15:14:51.382116+00:00","no_unique_verified_match"
"2026-09-30T06:15:20Z","bus_terminal","data_go_kr_tago","express","NAEK403","청주북부","","not_searched","","not_searched","","excluded_duplicate_name"
"2026-09-30T06:15:20Z","bus_terminal","data_go_kr_tago","express","NAEK404","관기","","no_unique_verified_match","2026-09-29T15:11:39.634489+00:00","no_unique_verified_match","2026-09-29T15:14:51.904843+00:00","no_unique_verified_match"
"2026-09-30T06:15:20Z","bus_terminal","data_go_kr_tago","express","NAEK405","청주대정류소","","no_unique_verified_match","2026-09-29T15:11:39.923955+00:00","no_unique_verified_match","2026-09-29T15:14:52.447953+00:00","no_unique_verified_match"
"2026-09-30T06:15:20Z","bus_terminal","data_go_kr_tago","express","NAEK406","청주북부","","not_searched","","not_searched","","excluded_duplicate_name"
"2026-09-30T06:15:20Z","bus_terminal","data_go_kr_tago","express","NAEK407","청주공항","","no_unique_verified_match","2026-09-29T15:11:40.023414+00:00","no_unique_verified_match","2026-09-29T15:14:52.974032+00:00","no_unique_verified_match"
"2026-09-30T06:15:20Z","bus_terminal","data_go_kr_tago","express","NAEK408","속리산","","no_unique_verified_match","2026-09-29T15:11:40.071789+00:00","no_unique_verified_match","2026-09-29T15:14:53.233026+00:00","no_unique_verified_match"
"2026-09-30T06:15:20Z","bus_terminal","data_go_kr_tago","express","NAEK409","보은","","no_unique_verified_match","2026-09-29T15:11:40.23452+00:00","no_unique_verified_match","2026-09-29T15:14:53.777737+00:00","no_unique_verified_match"
"2026-09-30T06:15:20Z","bus_terminal","data_go_kr_tago","express","NAEK410","옥천","","not_searched","","not_searched","","excluded_duplicate_name"
"2026-09-30T06:15:20Z","bus_terminal","data_go_kr_tago","express","NAEK419","서충주","","not_searched","","not_searched","","excluded_duplicate_name"
"2026-09-30T06:15:20Z","bus_terminal","data_go_kr_tago","express","NAEK420","충주","","no_unique_verified_match","2026-09-29T15:11:40.287128+00:00","no_unique_verified_match","2026-09-29T15:14:54.386158+00:00","no_unique_verified_match"
"2026-09-30T06:15:20Z","bus_terminal","data_go_kr_tago","express","NAEK421","서충주","","not_searched","","not_searched","","excluded_duplicate_name"
"2026-09-30T06:15:20Z","bus_terminal","data_go_kr_tago","express","NAEK422","교통대","","no_unique_verified_match","2026-09-29T15:11:40.360433+00:00","no_unique_verified_match","2026-09-29T15:14:54.651232+00:00","no_unique_verified_match"
"2026-09-30T06:15:20Z","bus_terminal","data_go_kr_tago","express","NAEK440","황간","","not_searched","","not_searched","","excluded_duplicate_name"
"2026-09-30T06:15:20Z","bus_terminal","data_go_kr_tago","express","NAEK449","제천하소","","no_unique_verified_match","2026-09-29T15:11:40.586359+00:00","no_unique_verified_match","2026-09-29T15:14:54.901555+00:00","no_unique_verified_match"
"2026-09-30T06:15:20Z","bus_terminal","data_go_kr_tago","express","NAEK455","증평","","no_unique_verified_match","2026-09-29T15:11:40.95097+00:00","no_unique_verified_match","2026-09-29T15:14:55.163979+00:00","no_unique_verified_match"
"2026-09-30T06:15:20Z","bus_terminal","data_go_kr_tago","express","NAEK457","괴산","","no_unique_verified_match","2026-09-29T15:11:41.175017+00:00","no_unique_verified_match","2026-09-29T15:14:55.428783+00:00","no_unique_verified_match"
"2026-09-30T06:15:20Z","bus_terminal","data_go_kr_tago","express","NAEK458","평동","","no_unique_verified_match","2026-09-29T15:11:41.222666+00:00","no_unique_verified_match","2026-09-29T15:14:55.80407+00:00","no_unique_verified_match"
"2026-09-30T06:15:20Z","bus_terminal","data_go_kr_tago","express","NAEK459","단양상진","","no_unique_verified_match","2026-09-29T15:11:41.266028+00:00","no_unique_verified_match","2026-09-29T15:14:56.45419+00:00","no_unique_verified_match"
"2026-09-30T06:15:20Z","bus_terminal","data_go_kr_tago","express","NAEK460","단양","","no_unique_verified_match","2026-09-29T15:11:41.314282+00:00","no_unique_verified_match","2026-09-29T15:14:57.120325+00:00","no_unique_verified_match"
"2026-09-30T06:15:20Z","bus_terminal","data_go_kr_tago","express","NAEK461","사평리","","no_unique_verified_match","2026-09-29T15:11:41.365702+00:00","no_unique_verified_match","2026-09-29T15:14:57.784147+00:00","no_unique_verified_match"
"2026-09-30T06:15:20Z","bus_terminal","data_go_kr_tago","express","NAEK462","영춘","","no_unique_verified_match","2026-09-29T15:11:41.415358+00:00","no_unique_verified_match","2026-09-29T15:14:58.126984+00:00","no_unique_verified_match"
"2026-09-30T06:15:20Z","bus_terminal","data_go_kr_tago","express","NAEK463","구인사","","no_unique_verified_match","2026-09-29T15:11:41.679128+00:00","no_unique_verified_match","2026-09-29T15:14:58.451347+00:00","no_unique_verified_match"
"2026-09-30T06:15:20Z","bus_terminal","data_go_kr_tago","express","NAEK466","대천욕장","","no_unique_verified_match","2026-09-29T15:11:41.836959+00:00","no_unique_verified_match","2026-09-29T15:14:58.779369+00:00","no_unique_verified_match"
"2026-09-30T06:15:20Z","bus_terminal","data_go_kr_tago","express","NAEK470","명지대","","no_unique_verified_match","2026-09-29T15:11:41.989035+00:00","no_unique_verified_match","2026-09-29T15:14:59.113505+00:00","no_unique_verified_match"
"2026-09-30T06:15:20Z","bus_terminal","data_go_kr_tago","express","NAEK471","동백","","no_unique_verified_match","2026-09-29T15:11:42.177934+00:00","no_unique_verified_match","2026-09-29T15:14:59.441592+00:00","no_unique_verified_match"
"2026-09-30T06:15:20Z","bus_terminal","data_go_kr_tago","express","NAEK472","강남마을","","no_unique_verified_match","2026-09-29T15:11:42.511168+00:00","incomplete_page","2026-09-29T15:14:59.758004+00:00","incomplete_page"
"2026-09-30T06:15:20Z","bus_terminal","data_go_kr_tago","express","NAEK473","세종리젠","","no_unique_verified_match","2026-09-29T15:11:42.670708+00:00","no_unique_verified_match","2026-09-29T15:15:00.013631+00:00","no_unique_verified_match"
"2026-09-30T06:15:20Z","bus_terminal","data_go_kr_tago","express","NAEK474","새릉골","","no_unique_verified_match","2026-09-29T15:11:43.035636+00:00","no_unique_verified_match","2026-09-29T15:15:00.37577+00:00","no_unique_verified_match"
"2026-09-30T06:15:20Z","bus_terminal","data_go_kr_tago","express","NAEK475","구성","","no_unique_verified_match","2026-09-29T15:11:43.503566+00:00","no_unique_verified_match","2026-09-29T15:15:00.699613+00:00","no_unique_verified_match"
"2026-09-30T06:15:20Z","bus_terminal","data_go_kr_tago","express","NAEK476","연원마을","","no_unique_verified_match","2026-09-29T15:11:43.994545+00:00","no_unique_verified_match","2026-09-29T15:15:01.098646+00:00","no_unique_verified_match"
"2026-09-30T06:15:20Z","bus_terminal","data_go_kr_tago","express","NAEK477","죽전보정","","no_unique_verified_match","2026-09-29T15:11:44.494195+00:00","no_unique_verified_match","2026-09-29T15:15:01.426976+00:00","no_unique_verified_match"
"2026-09-30T06:15:20Z","bus_terminal","data_go_kr_tago","express","NAEK478","수지현대","","no_unique_verified_match","2026-09-29T15:11:44.85107+00:00","no_unique_verified_match","2026-09-29T15:15:02.129893+00:00","no_unique_verified_match"
"2026-09-30T06:15:20Z","bus_terminal","data_go_kr_tago","express","NAEK479","현대타운","","no_unique_verified_match","2026-09-29T15:11:46.20019+00:00","no_unique_verified_match","2026-09-29T15:15:02.998889+00:00","no_unique_verified_match"
"2026-09-30T06:15:20Z","bus_terminal","data_go_kr_tago","express","NAEK480","독바위","","no_unique_verified_match","2026-09-29T15:11:46.694846+00:00","no_unique_verified_match","2026-09-29T15:15:03.699024+00:00","no_unique_verified_match"
"2026-09-30T06:15:20Z","bus_terminal","data_go_kr_tago","express","NAEK481","범계","","no_unique_verified_match","2026-09-29T15:11:46.872569+00:00","no_unique_verified_match","2026-09-29T15:15:04.08699+00:00","no_unique_verified_match"
"2026-09-30T06:15:20Z","bus_terminal","data_go_kr_tago","express","NAEK482","안양(경)","","no_unique_verified_match","2026-09-29T15:11:47.096053+00:00","no_unique_verified_match","2026-09-29T15:15:04.458829+00:00","no_unique_verified_match"
"2026-09-30T06:15:20Z","bus_terminal","data_go_kr_tago","express","NAEK483","산의초교","","no_unique_verified_match","2026-09-29T15:11:48.318538+00:00","no_unique_verified_match","2026-09-29T15:15:04.795016+00:00","no_unique_verified_match"
"2026-09-30T06:15:20Z","bus_terminal","data_go_kr_tago","express","NAEK490","추풍령","","not_searched","","not_searched","","excluded_duplicate_name"
"2026-09-30T06:15:20Z","bus_terminal","data_go_kr_tago","express","NAEK495","태안","","not_searched","","not_searched","","excluded_duplicate_name"
"2026-09-30T06:15:20Z","bus_terminal","data_go_kr_tago","express","NAEK497","꽃지","","no_unique_verified_match","2026-09-29T15:11:49.163649+00:00","no_unique_verified_match","2026-09-29T15:15:06.127627+00:00","no_unique_verified_match"
"2026-09-30T06:15:20Z","bus_terminal","data_go_kr_tago","express","NAEK500","광주(유·스퀘어)","","no_unique_verified_match","2026-09-29T15:11:49.962788+00:00","no_unique_verified_match","2026-09-29T15:15:06.946992+00:00","no_unique_verified_match"
"2026-09-30T06:15:20Z","bus_terminal","data_go_kr_tago","express","NAEK503","광주비아","","no_unique_verified_match","2026-09-29T15:11:50.707301+00:00","no_unique_verified_match","2026-09-29T15:15:07.5666+00:00","no_unique_verified_match"
"2026-09-30T06:15:20Z","bus_terminal","data_go_kr_tago","express","NAEK504","광주운암","","no_unique_verified_match","2026-09-29T15:11:51.07947+00:00","no_unique_verified_match","2026-09-29T15:15:08.57899+00:00","no_unique_verified_match"
"2026-09-30T06:15:20Z","bus_terminal","data_go_kr_tago","express","NAEK509","여천","","no_unique_verified_match","2026-09-29T15:11:53.080457+00:00","no_unique_verified_match","2026-09-29T15:15:09.394315+00:00","no_unique_verified_match"
"2026-09-30T06:15:20Z","bus_terminal","data_go_kr_tago","express","NAEK511","엑스포","","no_unique_verified_match","2026-09-29T15:11:54.770048+00:00","no_unique_verified_match","2026-09-29T15:15:10.531422+00:00","no_unique_verified_match"
"2026-09-30T06:15:20Z","bus_terminal","data_go_kr_tago","express","NAEK512","신대CGV","","no_unique_verified_match","2026-09-29T15:11:55.696162+00:00","no_unique_verified_match","2026-09-29T15:15:11.527528+00:00","no_unique_verified_match"
"2026-09-30T06:15:20Z","bus_terminal","data_go_kr_tago","express","NAEK513","순천신대지구","","no_unique_verified_match","2026-09-29T15:11:56.329794+00:00","no_unique_verified_match","2026-09-29T15:15:12.290027+00:00","no_unique_verified_match"
"2026-09-30T06:15:20Z","bus_terminal","data_go_kr_tago","express","NAEK514","순천대","","no_unique_verified_match","2026-09-29T15:11:57.199767+00:00","no_unique_verified_match","2026-09-29T15:15:13.205508+00:00","no_unique_verified_match"
"2026-09-30T06:15:20Z","bus_terminal","data_go_kr_tago","express","NAEK517","순천만","","no_unique_verified_match","2026-09-29T15:11:59.321171+00:00","no_unique_verified_match","2026-09-29T15:15:14.011004+00:00","no_unique_verified_match"
"2026-09-30T06:15:20Z","bus_terminal","data_go_kr_tago","express","NAEK519","구례","","no_unique_verified_match","2026-09-29T15:11:59.652487+00:00","no_unique_verified_match","2026-09-29T15:15:14.997071+00:00","no_unique_verified_match"
"2026-09-30T06:15:20Z","bus_terminal","data_go_kr_tago","express","NAEK525","동광양(중마)","","no_unique_verified_match","2026-09-29T15:12:00.362265+00:00","no_unique_verified_match","2026-09-29T15:15:15.794629+00:00","no_unique_verified_match"
"2026-09-30T06:15:20Z","bus_terminal","data_go_kr_tago","express","NAEK527","섬진강","","not_searched","","not_searched","","excluded_duplicate_name"
"2026-09-30T06:15:20Z","bus_terminal","data_go_kr_tago","express","NAEK528","섬진강","","not_searched","","not_searched","","excluded_duplicate_name"
"2026-09-30T06:15:20Z","bus_terminal","data_go_kr_tago","express","NAEK529","섬진강","","not_searched","","not_searched","","excluded_duplicate_name"
"2026-09-30T06:15:20Z","bus_terminal","data_go_kr_tago","express","NAEK531","나주혁신","","no_unique_verified_match","2026-09-29T15:12:01.647258+00:00","no_unique_verified_match","2026-09-29T15:15:16.985867+00:00","no_unique_verified_match"
"2026-09-30T06:15:20Z","bus_terminal","data_go_kr_tago","express","NAEK535","강진","","no_unique_verified_match","2026-09-29T15:12:01.956419+00:00","no_unique_verified_match","2026-09-29T15:15:17.51701+00:00","no_unique_verified_match"
"2026-09-30T06:15:20Z","bus_terminal","data_go_kr_tago","express","NAEK540","고흥","","no_unique_verified_match","2026-09-29T15:12:02.374991+00:00","no_unique_verified_match","2026-09-29T15:15:17.924769+00:00","no_unique_verified_match"
"2026-09-30T06:15:20Z","bus_terminal","data_go_kr_tago","express","NAEK545","녹동","","no_unique_verified_match","2026-09-29T15:12:02.738982+00:00","no_unique_verified_match","2026-09-29T15:15:18.271995+00:00","no_unique_verified_match"
"2026-09-30T06:15:20Z","bus_terminal","data_go_kr_tago","express","NAEK552","해제","","no_unique_verified_match","2026-09-29T15:12:03.644897+00:00","no_unique_verified_match","2026-09-29T15:15:19.101545+00:00","no_unique_verified_match"
"2026-09-30T06:15:20Z","bus_terminal","data_go_kr_tago","express","NAEK555","벌교","","no_unique_verified_match","2026-09-29T15:12:04.925803+00:00","no_unique_verified_match","2026-09-29T15:15:19.401579+00:00","no_unique_verified_match"
"2026-09-30T06:15:20Z","bus_terminal","data_go_kr_tago","express","NAEK556","송광사","","no_unique_verified_match","2026-09-29T15:12:05.229195+00:00","no_unique_verified_match","2026-09-29T15:15:20.241994+00:00","no_unique_verified_match"
"2026-09-30T06:15:20Z","bus_terminal","data_go_kr_tago","express","NAEK565","영산포","","no_unique_verified_match","2026-09-29T15:12:06.48915+00:00","no_unique_verified_match","2026-09-29T15:15:20.615061+00:00","no_unique_verified_match"
"2026-09-30T06:15:20Z","bus_terminal","data_go_kr_tago","express","NAEK570","영암","","no_unique_verified_match","2026-09-29T15:12:06.841412+00:00","no_unique_verified_match","2026-09-29T15:15:21.216764+00:00","no_unique_verified_match"
"2026-09-30T06:15:20Z","bus_terminal","data_go_kr_tago","express","NAEK574","완도항","","no_unique_verified_match","2026-09-29T15:12:07.214716+00:00","no_unique_verified_match","2026-09-29T15:15:22.103991+00:00","no_unique_verified_match"
"2026-09-30T06:15:20Z","bus_terminal","data_go_kr_tago","express","NAEK575","완도","","no_unique_verified_match","2026-09-29T15:12:07.299353+00:00","no_unique_verified_match","2026-09-29T15:15:22.596833+00:00","no_unique_verified_match"
"2026-09-30T06:15:20Z","bus_terminal","data_go_kr_tago","express","NAEK576","관산","","no_unique_verified_match","2026-09-29T15:12:07.679304+00:00","no_unique_verified_match","2026-09-29T15:15:23.010213+00:00","no_unique_verified_match"
"2026-09-30T06:15:20Z","bus_terminal","data_go_kr_tago","express","NAEK577","회진","","no_unique_verified_match","2026-09-29T15:12:08.632369+00:00","no_unique_verified_match","2026-09-29T15:15:23.411731+00:00","no_unique_verified_match"
"2026-09-30T06:15:20Z","bus_terminal","data_go_kr_tago","express","NAEK578","원동","","no_unique_verified_match","2026-09-29T15:12:08.942632+00:00","no_unique_verified_match","2026-09-29T15:15:23.902004+00:00","no_unique_verified_match"
"2026-09-30T06:15:20Z","bus_terminal","data_go_kr_tago","express","NAEK579","노력항","","no_unique_verified_match","2026-09-29T15:12:09.025519+00:00","no_unique_verified_match","2026-09-29T15:15:24.426012+00:00","no_unique_verified_match"
"2026-09-30T06:15:20Z","bus_terminal","data_go_kr_tago","express","NAEK580","장흥","","no_unique_verified_match","2026-09-29T15:12:09.230258+00:00","no_unique_verified_match","2026-09-29T15:15:24.892994+00:00","no_unique_verified_match"
"2026-09-30T06:15:20Z","bus_terminal","data_go_kr_tago","express","NAEK581","함평","","no_unique_verified_match","2026-09-29T15:12:09.421024+00:00","no_unique_verified_match","2026-09-29T15:15:25.490139+00:00","no_unique_verified_match"
"2026-09-30T06:15:20Z","bus_terminal","data_go_kr_tago","express","NAEK582","담양","","no_unique_verified_match","2026-09-29T15:12:09.639488+00:00","no_unique_verified_match","2026-09-29T15:15:26.028852+00:00","no_unique_verified_match"
"2026-09-30T06:15:20Z","bus_terminal","data_go_kr_tago","express","NAEK583","장성","","no_unique_verified_match","2026-09-29T15:12:09.845555+00:00","no_unique_verified_match","2026-09-29T15:15:26.658066+00:00","no_unique_verified_match"
"2026-09-30T06:15:20Z","bus_terminal","data_go_kr_tago","express","NAEK585","지도","","no_unique_verified_match","2026-09-29T15:12:10.254525+00:00","no_unique_verified_match","2026-09-29T15:15:27.190805+00:00","no_unique_verified_match"
"2026-09-30T06:15:20Z","bus_terminal","data_go_kr_tago","express","NAEK586","화순","","no_unique_verified_match","2026-09-29T15:12:10.436134+00:00","no_unique_verified_match","2026-09-29T15:15:27.570687+00:00","no_unique_verified_match"
"2026-09-30T06:15:20Z","bus_terminal","data_go_kr_tago","express","NAEK587","능주","","no_unique_verified_match","2026-09-29T15:12:10.746001+00:00","no_unique_verified_match","2026-09-29T15:15:28.141996+00:00","no_unique_verified_match"
"2026-09-30T06:15:20Z","bus_terminal","data_go_kr_tago","express","NAEK588","옥과","","no_unique_verified_match","2026-09-29T15:12:10.966837+00:00","no_unique_verified_match","2026-09-29T15:15:29.387256+00:00","no_unique_verified_match"
"2026-09-30T06:15:20Z","bus_terminal","data_go_kr_tago","express","NAEK589","곡성","","no_unique_verified_match","2026-09-29T15:12:11.175632+00:00","no_unique_verified_match","2026-09-29T15:15:30.453023+00:00","no_unique_verified_match"
"2026-09-30T06:15:20Z","bus_terminal","data_go_kr_tago","express","NAEK590","진도","","no_unique_verified_match","2026-09-29T15:12:11.383833+00:00","no_unique_verified_match","2026-09-29T15:15:31.069982+00:00","no_unique_verified_match"
"2026-09-30T06:15:20Z","bus_terminal","data_go_kr_tago","express","NAEK592","남악","","no_unique_verified_match","2026-09-29T15:12:11.587634+00:00","no_unique_verified_match","2026-09-29T15:15:31.55399+00:00","no_unique_verified_match"
"2026-09-30T06:15:20Z","bus_terminal","data_go_kr_tago","express","NAEK593","임자(대광)","","no_unique_verified_match","2026-09-29T15:12:11.825036+00:00","no_unique_verified_match","2026-09-29T15:15:32.371297+00:00","no_unique_verified_match"
"2026-09-30T06:15:20Z","bus_terminal","data_go_kr_tago","express","NAEK594","임자(진리)","","no_unique_verified_match","2026-09-29T15:12:11.919494+00:00","no_unique_verified_match","2026-09-29T15:15:33.11546+00:00","no_unique_verified_match"
"2026-09-30T06:15:20Z","bus_terminal","data_go_kr_tago","express","NAEK600","전주","","not_searched","","not_searched","","excluded_duplicate_name"
"2026-09-30T06:15:20Z","bus_terminal","data_go_kr_tago","express","NAEK601","전주","","not_searched","","not_searched","","excluded_duplicate_name"
"2026-09-30T06:15:20Z","bus_terminal","data_go_kr_tago","express","NAEK602","전주","","not_searched","","not_searched","","excluded_duplicate_name"
"2026-09-30T06:15:20Z","bus_terminal","data_go_kr_tago","express","NAEK603","전주","","not_searched","","not_searched","","excluded_duplicate_name"
"2026-09-30T06:15:20Z","bus_terminal","data_go_kr_tago","express","NAEK604","전주","","not_searched","","not_searched","","excluded_duplicate_name"
"2026-09-30T06:15:20Z","bus_terminal","data_go_kr_tago","express","NAEK605","호남제일","","no_unique_verified_match","2026-09-29T15:12:12.515781+00:00","no_unique_verified_match","2026-09-29T15:15:34.850045+00:00","no_unique_verified_match"
"2026-09-30T06:15:20Z","bus_terminal","data_go_kr_tago","express","NAEK609","전주시외","","no_unique_verified_match","2026-09-29T15:12:12.655212+00:00","no_unique_verified_match","2026-09-29T15:15:35.209987+00:00","no_unique_verified_match"
"2026-09-30T06:15:20Z","bus_terminal","data_go_kr_tago","express","NAEK611","군산대야","","no_unique_verified_match","2026-09-29T15:12:12.795343+00:00","no_unique_verified_match","2026-09-29T15:15:35.868577+00:00","no_unique_verified_match"
"2026-09-30T06:15:20Z","bus_terminal","data_go_kr_tago","express","NAEK615","익산","","no_unique_verified_match","2026-09-29T15:12:12.928793+00:00","no_unique_verified_match","2026-09-29T15:15:36.211032+00:00","no_unique_verified_match"
"2026-09-30T06:15:20Z","bus_terminal","data_go_kr_tago","express","NAEK616","익산팔봉","","no_unique_verified_match","2026-09-29T15:12:13.083417+00:00","no_unique_verified_match","2026-09-29T15:15:36.87969+00:00","no_unique_verified_match"
"2026-09-30T06:15:20Z","bus_terminal","data_go_kr_tago","express","NAEK617","익산어양","","no_unique_verified_match","2026-09-29T15:12:13.34839+00:00","no_unique_verified_match","2026-09-29T15:15:37.403628+00:00","no_unique_verified_match"
"2026-09-30T06:15:20Z","bus_terminal","data_go_kr_tago","express","NAEK618","완주","","no_unique_verified_match","2026-09-29T15:12:13.413455+00:00","incomplete_page","2026-09-29T15:15:38.018621+00:00","incomplete_page"
"2026-09-30T06:15:20Z","bus_terminal","data_go_kr_tago","express","NAEK619","애통리","","no_unique_verified_match","2026-09-29T15:12:13.53114+00:00","no_unique_verified_match","2026-09-29T15:15:38.607633+00:00","no_unique_verified_match"
"2026-09-30T06:15:20Z","bus_terminal","data_go_kr_tago","express","NAEK621","전북혁신","","no_unique_verified_match","2026-09-29T15:12:13.769097+00:00","no_unique_verified_match","2026-09-29T15:15:39.158987+00:00","no_unique_verified_match"
"2026-09-30T06:15:20Z","bus_terminal","data_go_kr_tago","express","NAEK622","자치인재원","","no_unique_verified_match","2026-09-29T15:12:13.880799+00:00","no_unique_verified_match","2026-09-29T15:15:39.886842+00:00","no_unique_verified_match"
"2026-09-30T06:15:20Z","bus_terminal","data_go_kr_tago","express","NAEK626","덕과","","no_unique_verified_match","2026-09-29T15:12:14.350456+00:00","no_unique_verified_match","2026-09-29T15:15:40.415537+00:00","no_unique_verified_match"
"2026-09-30T06:15:20Z","bus_terminal","data_go_kr_tago","express","NAEK629","태인","","no_unique_verified_match","2026-09-29T15:12:14.452143+00:00","no_unique_verified_match","2026-09-29T15:15:40.807011+00:00","no_unique_verified_match"
"2026-09-30T06:15:20Z","bus_terminal","data_go_kr_tago","express","NAEK630","정읍","","not_searched","","not_searched","","excluded_duplicate_name"
"2026-09-30T06:15:20Z","bus_terminal","data_go_kr_tago","express","NAEK631","정읍","","not_searched","","not_searched","","excluded_duplicate_name"
"2026-09-30T06:15:20Z","bus_terminal","data_go_kr_tago","express","NAEK634","흥덕","","no_unique_verified_match","2026-09-29T15:12:14.656289+00:00","no_unique_verified_match","2026-09-29T15:15:42.145019+00:00","no_unique_verified_match"
"2026-09-30T06:15:20Z","bus_terminal","data_go_kr_tago","express","NAEK635","고창","","no_unique_verified_match","2026-09-29T15:12:14.862584+00:00","no_unique_verified_match","2026-09-29T15:15:42.556151+00:00","no_unique_verified_match"
"2026-09-30T06:15:20Z","bus_terminal","data_go_kr_tago","express","NAEK644","전북강진","","no_unique_verified_match","2026-09-29T15:12:15.3763+00:00","no_unique_verified_match","2026-09-29T15:15:43.24171+00:00","no_unique_verified_match"
"2026-09-30T06:15:20Z","bus_terminal","data_go_kr_tago","express","NAEK649","봉동","","no_unique_verified_match","2026-09-29T15:12:15.564931+00:00","no_unique_verified_match","2026-09-29T15:15:43.923936+00:00","no_unique_verified_match"
"2026-09-30T06:15:20Z","bus_terminal","data_go_kr_tago","express","NAEK650","진안","","no_unique_verified_match","2026-09-29T15:12:15.783347+00:00","no_unique_verified_match","2026-09-29T15:15:44.494216+00:00","no_unique_verified_match"
"2026-09-30T06:15:20Z","bus_terminal","data_go_kr_tago","express","NAEK651","안천","","no_unique_verified_match","2026-09-29T15:12:15.995127+00:00","no_unique_verified_match","2026-09-29T15:15:45.049716+00:00","no_unique_verified_match"
"2026-09-30T06:15:20Z","bus_terminal","data_go_kr_tago","express","NAEK655","무주","","no_unique_verified_match","2026-09-29T15:12:16.146025+00:00","no_unique_verified_match","2026-09-29T15:15:45.606977+00:00","no_unique_verified_match"
"2026-09-30T06:15:20Z","bus_terminal","data_go_kr_tago","express","NAEK700","부산","","no_unique_verified_match","2026-09-29T15:12:16.397428+00:00","no_unique_verified_match","2026-09-29T15:15:46.173977+00:00","no_unique_verified_match"
"2026-09-30T06:15:20Z","bus_terminal","data_go_kr_tago","express","NAEK701","부산시외","","no_unique_verified_match","2026-09-29T15:12:16.58853+00:00","no_unique_verified_match","2026-09-29T15:15:46.500601+00:00","no_unique_verified_match"
"2026-09-30T06:15:20Z","bus_terminal","data_go_kr_tago","express","NAEK703","부산사상","","no_unique_verified_match","2026-09-29T15:12:16.75079+00:00","no_unique_verified_match","2026-09-29T15:15:46.777301+00:00","no_unique_verified_match"
"2026-09-30T06:15:20Z","bus_terminal","data_go_kr_tago","express","NAEK704","진해","","no_unique_verified_match","2026-09-29T15:12:17.109219+00:00","no_unique_verified_match","2026-09-29T15:15:47.149983+00:00","no_unique_verified_match"
"2026-09-30T06:15:20Z","bus_terminal","data_go_kr_tago","express","NAEK711","창원역","","no_unique_verified_match","2026-09-29T15:12:17.812966+00:00","no_unique_verified_match","2026-09-29T15:15:47.785967+00:00","no_unique_verified_match"
"2026-09-30T06:15:20Z","bus_terminal","data_go_kr_tago","express","NAEK714","울산시외","","no_unique_verified_match","2026-09-29T15:12:17.917556+00:00","no_unique_verified_match","2026-09-29T15:15:48.432763+00:00","no_unique_verified_match"
"2026-09-30T06:15:20Z","bus_terminal","data_go_kr_tago","express","NAEK716","울산신복","","no_unique_verified_match","2026-09-29T15:12:18.137306+00:00","no_unique_verified_match","2026-09-29T15:15:49.006715+00:00","no_unique_verified_match"
"2026-09-30T06:15:20Z","bus_terminal","data_go_kr_tago","express","NAEK720","진주","","not_searched","","not_searched","","excluded_duplicate_name"
"2026-09-30T06:15:20Z","bus_terminal","data_go_kr_tago","express","NAEK721","진주시외","","no_unique_verified_match","2026-09-29T15:12:18.225995+00:00","no_unique_verified_match","2026-09-29T15:15:49.539127+00:00","no_unique_verified_match"
"2026-09-30T06:15:20Z","bus_terminal","data_go_kr_tago","express","NAEK722","진주","","not_searched","","not_searched","","excluded_duplicate_name"
"2026-09-30T06:15:20Z","bus_terminal","data_go_kr_tago","express","NAEK723","진주개양","","no_unique_verified_match","2026-09-29T15:12:18.285725+00:00","no_unique_verified_match","2026-09-29T15:15:50.151609+00:00","no_unique_verified_match"
"2026-09-30T06:15:20Z","bus_terminal","data_go_kr_tago","express","NAEK724","진주혁신","","no_unique_verified_match","2026-09-29T15:12:18.343329+00:00","no_unique_verified_match","2026-09-29T15:15:50.72177+00:00","no_unique_verified_match"
"2026-09-30T06:15:20Z","bus_terminal","data_go_kr_tago","express","NAEK731","장승포","","no_unique_verified_match","2026-09-29T15:12:18.623048+00:00","no_unique_verified_match","2026-09-29T15:15:51.482385+00:00","no_unique_verified_match"
"2026-09-30T06:15:20Z","bus_terminal","data_go_kr_tago","express","NAEK732","고현","","no_unique_verified_match","2026-09-29T15:12:18.674938+00:00","no_unique_verified_match","2026-09-29T15:15:52.187606+00:00","no_unique_verified_match"
"2026-09-30T06:15:20Z","bus_terminal","data_go_kr_tago","express","NAEK735","김해","","no_unique_verified_match","2026-09-29T15:12:18.774385+00:00","no_unique_verified_match","2026-09-29T15:15:52.885706+00:00","no_unique_verified_match"
"2026-09-30T06:15:20Z","bus_terminal","data_go_kr_tago","express","NAEK736","김해장유","","no_unique_verified_match","2026-09-29T15:12:18.894734+00:00","no_unique_verified_match","2026-09-29T15:15:53.529989+00:00","no_unique_verified_match"
"2026-09-30T06:15:20Z","bus_terminal","data_go_kr_tago","express","NAEK737","장유인천","","no_unique_verified_match","2026-09-29T15:12:18.995776+00:00","no_unique_verified_match","2026-09-29T15:15:54.128223+00:00","no_unique_verified_match"
"2026-09-30T06:15:20Z","bus_terminal","data_go_kr_tago","express","NAEK740","김해공항","","no_unique_verified_match","2026-09-29T15:12:19.101832+00:00","no_unique_verified_match","2026-09-29T15:15:54.711776+00:00","no_unique_verified_match"
"2026-09-30T06:15:20Z","bus_terminal","data_go_kr_tago","express","NAEK745","양산","","not_searched","","not_searched","","excluded_duplicate_name"
"2026-09-30T06:15:20Z","bus_terminal","data_go_kr_tago","express","NAEK746","통도사신평","","no_unique_verified_match","2026-09-29T15:12:19.300105+00:00","no_unique_verified_match","2026-09-29T15:15:55.464303+00:00","no_unique_verified_match"
"2026-09-30T06:15:20Z","bus_terminal","data_go_kr_tago","express","NAEK750","밀양","","no_unique_verified_match","2026-09-29T15:12:19.395751+00:00","no_unique_verified_match","2026-09-29T15:15:56.026982+00:00","no_unique_verified_match"
"2026-09-30T06:15:20Z","bus_terminal","data_go_kr_tago","express","NAEK800","동대구","","not_searched","","not_searched","","excluded_duplicate_name"
"2026-09-30T06:15:20Z","bus_terminal","data_go_kr_tago","express","NAEK801","동대구","","not_searched","","not_searched","","excluded_duplicate_name"
"2026-09-30T06:15:20Z","bus_terminal","data_go_kr_tago","express","NAEK802","동대구","","not_searched","","not_searched","","excluded_duplicate_name"
"2026-09-30T06:15:20Z","bus_terminal","data_go_kr_tago","express","NAEK803","동대구","","not_searched","","not_searched","","excluded_duplicate_name"
"2026-09-30T06:15:20Z","bus_terminal","data_go_kr_tago","express","NAEK804","동대구","","not_searched","","not_searched","","excluded_duplicate_name"
"2026-09-30T06:15:20Z","bus_terminal","data_go_kr_tago","express","NAEK806","동대구","","not_searched","","not_searched","","excluded_duplicate_name"
"2026-09-30T06:15:20Z","bus_terminal","data_go_kr_tago","express","NAEK807","대구용계","","no_unique_verified_match","2026-09-29T15:12:19.610943+00:00","no_unique_verified_match","2026-09-29T15:15:57.118774+00:00","no_unique_verified_match"
"2026-09-30T06:15:20Z","bus_terminal","data_go_kr_tago","express","NAEK808","동대구","","not_searched","","not_searched","","excluded_duplicate_name"
"2026-09-30T06:15:20Z","bus_terminal","data_go_kr_tago","express","NAEK809","대구혁신","","no_unique_verified_match","2026-09-29T15:12:19.70561+00:00","no_unique_verified_match","2026-09-29T15:15:57.7155+00:00","no_unique_verified_match"
"2026-09-30T06:15:20Z","bus_terminal","data_go_kr_tago","express","NAEK810","구미","","not_searched","","not_searched","","excluded_duplicate_name"
"2026-09-30T06:15:20Z","bus_terminal","data_go_kr_tago","express","NAEK811","대구서부","","no_unique_verified_match","2026-09-29T15:12:19.98934+00:00","no_unique_verified_match","2026-09-29T15:15:58.698698+00:00","no_unique_verified_match"
"2026-09-30T06:15:20Z","bus_terminal","data_go_kr_tago","express","NAEK812","선산","","not_searched","","not_searched","","excluded_duplicate_name"
"2026-09-30T06:15:20Z","bus_terminal","data_go_kr_tago","express","NAEK813","선산","","not_searched","","not_searched","","excluded_duplicate_name"
"2026-09-30T06:15:20Z","bus_terminal","data_go_kr_tago","express","NAEK815","경주","","not_searched","","not_searched","","excluded_duplicate_name"
"2026-09-30T06:15:20Z","bus_terminal","data_go_kr_tago","express","NAEK820","김천","","not_searched","","not_searched","","excluded_duplicate_name"
"2026-09-30T06:15:20Z","bus_terminal","data_go_kr_tago","express","NAEK821","김천혁신","","no_unique_verified_match","2026-09-29T15:12:20.395674+00:00","no_unique_verified_match","2026-09-29T15:16:00.18549+00:00","no_unique_verified_match"
"2026-09-30T06:15:20Z","bus_terminal","data_go_kr_tago","express","NAEK823","낙동강","","not_searched","","not_searched","","excluded_duplicate_name"
"2026-09-30T06:15:20Z","bus_terminal","data_go_kr_tago","express","NAEK824","낙동강","","not_searched","","not_searched","","excluded_duplicate_name"
"2026-09-30T06:15:20Z","bus_terminal","data_go_kr_tago","express","NAEK828","포항시청","","no_unique_verified_match","2026-09-29T15:12:20.809976+00:00","no_unique_verified_match","2026-09-29T15:16:00.806358+00:00","no_unique_verified_match"
"2026-09-30T06:15:20Z","bus_terminal","data_go_kr_tago","express","NAEK831","포항시외","","no_unique_verified_match","2026-09-29T15:12:21.219544+00:00","no_unique_verified_match","2026-09-29T15:16:01.132383+00:00","no_unique_verified_match"
"2026-09-30T06:15:20Z","bus_terminal","data_go_kr_tago","express","NAEK834","풍기","","no_unique_verified_match","2026-09-29T15:12:21.424651+00:00","no_unique_verified_match","2026-09-29T15:16:01.430982+00:00","no_unique_verified_match"
"2026-09-30T06:15:20Z","bus_terminal","data_go_kr_tago","express","NAEK835","영주","","no_unique_verified_match","2026-09-29T15:12:21.583779+00:00","no_unique_verified_match","2026-09-29T15:16:01.75335+00:00","no_unique_verified_match"
"2026-09-30T06:15:20Z","bus_terminal","data_go_kr_tago","express","NAEK841","안동(경)","","no_unique_verified_match","2026-09-29T15:12:21.833541+00:00","no_unique_verified_match","2026-09-29T15:16:02.476612+00:00","no_unique_verified_match"
"2026-09-30T06:15:20Z","bus_terminal","data_go_kr_tago","express","NAEK842","영해","","no_unique_verified_match","2026-09-29T15:12:22.127718+00:00","no_unique_verified_match","2026-09-29T15:16:02.811597+00:00","no_unique_verified_match"
"2026-09-30T06:15:20Z","bus_terminal","data_go_kr_tago","express","NAEK843","영덕","","no_unique_verified_match","2026-09-29T15:12:22.338738+00:00","no_unique_verified_match","2026-09-29T15:16:03.124613+00:00","no_unique_verified_match"
"2026-09-30T06:15:20Z","bus_terminal","data_go_kr_tago","express","NAEK844","평해","","no_unique_verified_match","2026-09-29T15:12:22.492552+00:00","no_unique_verified_match","2026-09-29T15:16:03.671703+00:00","no_unique_verified_match"
"2026-09-30T06:15:20Z","bus_terminal","data_go_kr_tago","express","NAEK845","영천","","not_searched","","not_searched","","excluded_duplicate_name"
"2026-09-30T06:15:20Z","bus_terminal","data_go_kr_tago","express","NAEK846","영천망정동","","no_unique_verified_match","2026-09-29T15:12:22.67312+00:00","no_unique_verified_match","2026-09-29T15:16:04.605661+00:00","no_unique_verified_match"
"2026-09-30T06:15:20Z","bus_terminal","data_go_kr_tago","express","NAEK850","점촌","","no_unique_verified_match","2026-09-29T15:12:22.954745+00:00","no_unique_verified_match","2026-09-29T15:16:04.864022+00:00","no_unique_verified_match"
"2026-09-30T06:15:20Z","bus_terminal","data_go_kr_tago","express","NAEK851","예천","","no_unique_verified_match","2026-09-29T15:12:23.091065+00:00","no_unique_verified_match","2026-09-29T15:16:05.579355+00:00","no_unique_verified_match"
"2026-09-30T06:15:20Z","bus_terminal","data_go_kr_tago","express","NAEK852","경북도청","","no_unique_verified_match","2026-09-29T15:12:23.227363+00:00","no_unique_verified_match","2026-09-29T15:16:06.139759+00:00","no_unique_verified_match"
"2026-09-30T06:15:20Z","bus_terminal","data_go_kr_tago","express","NAEK853","울진","","no_unique_verified_match","2026-09-29T15:12:23.295409+00:00","no_unique_verified_match","2026-09-29T15:16:06.399528+00:00","no_unique_verified_match"
"2026-09-30T06:15:20Z","bus_terminal","data_go_kr_tago","express","NAEK854","광비","","no_unique_verified_match","2026-09-29T15:12:23.439773+00:00","no_unique_verified_match","2026-09-29T15:16:07.072925+00:00","no_unique_verified_match"
"2026-09-30T06:15:20Z","bus_terminal","data_go_kr_tago","express","NAEK855","삼근","","no_unique_verified_match","2026-09-29T15:12:23.632765+00:00","no_unique_verified_match","2026-09-29T15:16:07.334975+00:00","no_unique_verified_match"
"2026-09-30T06:15:20Z","bus_terminal","data_go_kr_tago","express","NAEK856","온정","","no_unique_verified_match","2026-09-29T15:12:23.79442+00:00","no_unique_verified_match","2026-09-29T15:16:07.875381+00:00","no_unique_verified_match"
"2026-09-30T06:15:20Z","bus_terminal","data_go_kr_tago","express","NAEK857","후포","","no_unique_verified_match","2026-09-29T15:12:23.916102+00:00","no_unique_verified_match","2026-09-29T15:16:08.391024+00:00","no_unique_verified_match"
"2026-09-30T06:15:20Z","bus_terminal","data_go_kr_tago","express","NAEK858","봉화","","no_unique_verified_match","2026-09-29T15:12:24.076421+00:00","no_unique_verified_match","2026-09-29T15:16:08.641662+00:00","no_unique_verified_match"
"2026-09-30T06:15:20Z","bus_terminal","data_go_kr_tago","express","NAEK859","금강송","","no_unique_verified_match","2026-09-29T15:12:24.313442+00:00","no_unique_verified_match","2026-09-29T15:16:09.15578+00:00","no_unique_verified_match"
"2026-09-30T06:15:20Z","bus_terminal","data_go_kr_tago","express","NAEK860","온정(EZ)","","no_unique_verified_match","2026-09-29T15:12:24.506459+00:00","no_unique_verified_match","2026-09-29T15:16:09.424939+00:00","no_unique_verified_match"
"2026-09-30T06:15:20Z","bus_terminal","data_go_kr_tago","express","NAEK861","대구공항","","no_unique_verified_match","2026-09-29T15:12:24.644249+00:00","no_unique_verified_match","2026-09-29T15:16:10.106999+00:00","no_unique_verified_match"
"2026-09-30T06:15:20Z","bus_terminal","data_go_kr_tago","express","NAEK862","영주장수","","no_unique_verified_match","2026-09-29T15:12:24.850579+00:00","no_unique_verified_match","2026-09-29T15:16:11.291257+00:00","no_unique_verified_match"
"2026-09-30T06:15:20Z","bus_terminal","data_go_kr_tago","express","NAEK863","영주꽃동산","","no_unique_verified_match","2026-09-29T15:12:24.978357+00:00","no_unique_verified_match","2026-09-29T15:16:11.617995+00:00","no_unique_verified_match"
"2026-09-30T06:15:20Z","bus_terminal","data_go_kr_tago","express","NAEK887","동래","","no_unique_verified_match","2026-09-29T15:12:25.088824+00:00","no_unique_verified_match","2026-09-29T15:16:12.020005+00:00","no_unique_verified_match"
"2026-09-30T06:15:20Z","bus_terminal","data_go_kr_tago","express","NAEK888","양산","","not_searched","","not_searched","","excluded_duplicate_name"
"2026-09-30T06:15:20Z","bus_terminal","data_go_kr_tago","express","NAEK889","석계","","no_unique_verified_match","2026-09-29T15:12:25.258229+00:00","no_unique_verified_match","2026-09-29T15:16:12.931342+00:00","no_unique_verified_match"
"2026-09-30T06:15:20Z","bus_terminal","data_go_kr_tago","express","NAEK890","통도사","","no_unique_verified_match","2026-09-29T15:12:25.355834+00:00","no_unique_verified_match","2026-09-29T15:16:13.648603+00:00","no_unique_verified_match"
"2026-09-30T06:15:20Z","bus_terminal","data_go_kr_tago","express","NAEK891","언양","","no_unique_verified_match","2026-09-29T15:12:25.4719+00:00","no_unique_verified_match","2026-09-29T15:16:14.157197+00:00","no_unique_verified_match"
"2026-09-30T06:15:20Z","bus_terminal","data_go_kr_tago","express","NAEK892","인보","","no_unique_verified_match","2026-09-29T15:12:25.586016+00:00","no_unique_verified_match","2026-09-29T15:16:14.669116+00:00","no_unique_verified_match"
"2026-09-30T06:15:20Z","bus_terminal","data_go_kr_tago","express","NAEK893","내남","","no_unique_verified_match","2026-09-29T15:12:25.772404+00:00","no_unique_verified_match","2026-09-29T15:16:15.352521+00:00","no_unique_verified_match"
"2026-09-30T06:15:20Z","bus_terminal","data_go_kr_tago","express","NAEK894","경주","","not_searched","","not_searched","","excluded_duplicate_name"
"2026-09-30T06:15:20Z","bus_terminal","data_go_kr_tago","express","NAEK895","건천","","no_unique_verified_match","2026-09-29T15:12:25.971745+00:00","no_unique_verified_match","2026-09-29T15:16:15.860664+00:00","no_unique_verified_match"
"2026-09-30T06:15:20Z","bus_terminal","data_go_kr_tago","express","NAEK896","영천","","not_searched","","not_searched","","excluded_duplicate_name"
"2026-09-30T06:15:20Z","bus_terminal","data_go_kr_tago","express","NAEK897","대창","","no_unique_verified_match","2026-09-29T15:12:26.104446+00:00","no_unique_verified_match","2026-09-29T15:16:16.800795+00:00","no_unique_verified_match"
"2026-09-30T06:15:20Z","bus_terminal","data_go_kr_tago","express","NAEK898","진량","","no_unique_verified_match","2026-09-29T15:12:26.273896+00:00","no_unique_verified_match","2026-09-29T15:16:17.232934+00:00","no_unique_verified_match"
"2026-09-30T06:15:20Z","bus_terminal","data_go_kr_tago","express","NAEK911","광주(500)_수수료","","not_searched","","not_searched","","excluded_composite_name"
"2026-09-30T06:15:20Z","bus_terminal","data_go_kr_tago","express","NAEK912","광주비아(503)_수수료","","not_searched","","not_searched","","excluded_composite_name"
"2026-09-30T06:15:20Z","bus_terminal","data_go_kr_tago","express","NAEK913","전주(602)_수수료","","not_searched","","not_searched","","excluded_composite_name"
"2026-09-30T06:15:20Z","bus_terminal","data_go_kr_tago","express","NAEK920","신성","","no_unique_verified_match","2026-09-29T15:12:27.008251+00:00","incomplete_page","2026-09-29T15:16:18.56251+00:00","incomplete_page"
"2026-09-30T06:15:20Z","bus_terminal","data_go_kr_tago","express","NAEK921","옥천","","not_searched","","not_searched","","excluded_duplicate_name"
"2026-09-30T06:15:20Z","bus_terminal","data_go_kr_tago","express","NAEK922","동이","","no_unique_verified_match","2026-09-29T15:12:27.285926+00:00","no_unique_verified_match","2026-09-29T15:16:19.463613+00:00","no_unique_verified_match"
"2026-09-30T06:15:20Z","bus_terminal","data_go_kr_tago","express","NAEK923","금강","","no_unique_verified_match","2026-09-29T15:12:27.39248+00:00","incomplete_page","2026-09-29T15:16:20.107373+00:00","incomplete_page"
"2026-09-30T06:15:20Z","bus_terminal","data_go_kr_tago","express","NAEK924","청성","","no_unique_verified_match","2026-09-29T15:12:27.544133+00:00","no_unique_verified_match","2026-09-29T15:16:20.717854+00:00","no_unique_verified_match"
"2026-09-30T06:15:20Z","bus_terminal","data_go_kr_tago","express","NAEK925","금곡","","no_unique_verified_match","2026-09-29T15:12:27.846499+00:00","no_unique_verified_match","2026-09-29T15:16:21.512283+00:00","no_unique_verified_match"
"2026-09-30T06:15:20Z","bus_terminal","data_go_kr_tago","express","NAEK926","용산","","no_unique_verified_match","2026-09-29T15:12:27.945193+00:00","no_unique_verified_match","2026-09-29T15:16:22.542361+00:00","no_unique_verified_match"
"2026-09-30T06:15:20Z","bus_terminal","data_go_kr_tago","express","NAEK927","금계","","no_unique_verified_match","2026-09-29T15:12:28.165166+00:00","no_unique_verified_match","2026-09-29T15:16:23.168821+00:00","no_unique_verified_match"
"2026-09-30T06:15:20Z","bus_terminal","data_go_kr_tago","express","NAEK928","황간","","not_searched","","not_searched","","excluded_duplicate_name"
"2026-09-30T06:15:20Z","bus_terminal","data_go_kr_tago","express","NAEK929","추풍령","","not_searched","","not_searched","","excluded_duplicate_name"
"2026-09-30T06:15:20Z","bus_terminal","data_go_kr_tago","express","NAEK930","봉산","","no_unique_verified_match","2026-09-29T15:12:28.446166+00:00","no_unique_verified_match","2026-09-29T15:16:24.500575+00:00","no_unique_verified_match"
"2026-09-30T06:15:20Z","bus_terminal","data_go_kr_tago","express","NAEK931","김천","","not_searched","","not_searched","","excluded_duplicate_name"
"2026-09-30T06:15:20Z","bus_terminal","data_go_kr_tago","express","NAEK932","대신","","no_unique_verified_match","2026-09-29T15:12:28.678372+00:00","no_unique_verified_match","2026-09-29T15:16:25.426121+00:00","no_unique_verified_match"
"2026-09-30T06:15:20Z","bus_terminal","data_go_kr_tago","express","NAEK933","구미","","not_searched","","not_searched","","excluded_duplicate_name"
"2026-09-30T06:15:20Z","bus_terminal","data_go_kr_tago","express","NAEK934","석적","","no_unique_verified_match","2026-09-29T15:12:28.97483+00:00","no_unique_verified_match","2026-09-29T15:16:26.083908+00:00","no_unique_verified_match"
"2026-09-30T06:15:20Z","bus_terminal","data_go_kr_tago","express","NAEK935","왜관","","no_unique_verified_match","2026-09-29T15:12:29.225719+00:00","no_unique_verified_match","2026-09-29T15:16:26.637652+00:00","no_unique_verified_match"
"2026-09-30T06:15:20Z","bus_terminal","data_go_kr_tago","express","NAEK936","복지","","no_unique_verified_match","2026-09-29T15:12:29.440706+00:00","incomplete_page","2026-09-29T15:16:27.373457+00:00","incomplete_page"
"2026-09-30T06:15:20Z","bus_terminal","data_go_kr_tago","express","NAEK937","공단","","no_unique_verified_match","2026-09-29T15:12:29.584923+00:00","incomplete_page","2026-09-29T15:16:28.174497+00:00","incomplete_page"
"2026-09-30T06:15:20Z","bus_terminal","data_go_kr_tago","express","NAEK941","라쿠카라차(KOUBS)","","no_unique_verified_match","2026-09-29T15:12:29.712037+00:00","no_unique_verified_match","2026-09-29T15:16:28.703377+00:00","no_unique_verified_match"
"2026-09-30T06:15:20Z","bus_terminal","data_go_kr_tago","express","NAEK942","라쿠카라차(EZ)","","no_unique_verified_match","2026-09-29T15:12:29.806883+00:00","no_unique_verified_match","2026-09-29T15:16:29.420952+00:00","no_unique_verified_match"
"2026-09-30T06:15:20Z","bus_terminal","data_go_kr_tago","express","NAEK950","통합단말","","not_searched","","not_searched","","excluded_duplicate_name"
"2026-09-30T06:15:20Z","bus_terminal","data_go_kr_tago","express","NAEK951","통합단말","","not_searched","","not_searched","","excluded_duplicate_name"
"2026-09-30T06:15:20Z","bus_terminal","data_go_kr_tago","express","NAEK952","통합단말","","not_searched","","not_searched","","excluded_duplicate_name"
"2026-09-30T06:15:20Z","bus_terminal","data_go_kr_tago","express","NAEK953","통합단말","","not_searched","","not_searched","","excluded_duplicate_name"
"2026-09-30T06:15:20Z","bus_terminal","data_go_kr_tago","express","NAEK954","통합단말","","not_searched","","not_searched","","excluded_duplicate_name"
"2026-09-30T06:15:20Z","bus_terminal","data_go_kr_tago","express","NAEK955","통합단말","","not_searched","","not_searched","","excluded_duplicate_name"
"2026-09-30T06:15:20Z","bus_terminal","data_go_kr_tago","express","NAEK956","통합단말","","not_searched","","not_searched","","excluded_duplicate_name"
"2026-09-30T06:15:20Z","bus_terminal","data_go_kr_tago","express","NAEK957","통합단말","","not_searched","","not_searched","","excluded_duplicate_name"
"2026-09-30T06:15:20Z","bus_terminal","data_go_kr_tago","express","NAEK958","통합단말","","not_searched","","not_searched","","excluded_duplicate_name"
"2026-09-30T06:15:20Z","bus_terminal","data_go_kr_tago","express","NAEK959","통합단말","","not_searched","","not_searched","","excluded_duplicate_name"
"2026-09-30T06:15:20Z","bus_terminal","data_go_kr_tago","express","NAEK961","성남금호","","no_unique_verified_match","2026-09-29T15:12:30.816198+00:00","no_unique_verified_match","2026-09-29T15:16:31.669474+00:00","no_unique_verified_match"
"2026-09-30T06:15:20Z","bus_terminal","data_go_kr_tago","express","NAEK962","성남동양","","no_unique_verified_match","2026-09-29T15:12:30.876306+00:00","no_unique_verified_match","2026-09-29T15:16:31.981122+00:00","no_unique_verified_match"
"2026-09-30T06:15:20Z","bus_terminal","data_go_kr_tago","express","NAEK963","성남속리","","no_unique_verified_match","2026-09-29T15:12:31.012157+00:00","no_unique_verified_match","2026-09-29T15:16:32.64065+00:00","no_unique_verified_match"
"2026-09-30T06:15:20Z","bus_terminal","data_go_kr_tago","express","NAEK964","성남중앙","","no_unique_verified_match","2026-09-29T15:12:31.283276+00:00","no_unique_verified_match","2026-09-29T15:16:33.31521+00:00","no_unique_verified_match"
"2026-09-30T06:15:20Z","bus_terminal","data_go_kr_tago","express","NAEK965","성남천일","","no_unique_verified_match","2026-09-29T15:12:31.37285+00:00","no_unique_verified_match","2026-09-29T15:16:34.098522+00:00","no_unique_verified_match"
"2026-09-30T06:15:20Z","bus_terminal","data_go_kr_tago","express","NAEK966","성남고려","","no_unique_verified_match","2026-09-29T15:12:31.435608+00:00","no_unique_verified_match","2026-09-29T15:16:34.667838+00:00","no_unique_verified_match"
"2026-09-30T06:15:20Z","bus_terminal","data_go_kr_tago","express","NAEK968","모바일","","no_unique_verified_match","2026-09-29T15:12:31.745715+00:00","incomplete_page","2026-09-29T15:16:35.163992+00:00","incomplete_page"
"2026-09-30T06:15:20Z","bus_terminal","data_go_kr_tago","express","NAEK969","통합단말","","not_searched","","not_searched","","excluded_duplicate_name"
"2026-09-30T06:15:20Z","bus_terminal","data_go_kr_tago","intercity","NAI0162503","수락산역(직통)","서울특별시","no_unique_verified_match","2026-09-29T15:12:32.239786+00:00","no_unique_verified_match","2026-09-29T15:16:35.463327+00:00","no_unique_verified_match"
"2026-09-30T06:15:20Z","bus_terminal","data_go_kr_tago","intercity","NAI0456505","동대문 디자인플라자(DDP)","서울특별시","no_unique_verified_match","2026-09-29T15:12:32.694217+00:00","no_unique_verified_match","2026-09-29T15:16:36.075726+00:00","no_unique_verified_match"
"2026-09-30T06:15:20Z","bus_terminal","data_go_kr_tago","intercity","NAI0496801","광나루역","서울특별시","no_unique_verified_match","2026-09-29T15:12:32.900475+00:00","no_unique_verified_match","2026-09-29T15:16:36.685695+00:00","no_unique_verified_match"
"2026-09-30T06:15:20Z","bus_terminal","data_go_kr_tago","intercity","NAI0511601","동서울","서울특별시","no_unique_verified_match","2026-09-29T15:12:33.147065+00:00","no_unique_verified_match","2026-09-29T15:16:37.461728+00:00","no_unique_verified_match"
"2026-09-30T06:15:20Z","bus_terminal","data_go_kr_tago","intercity","NAI0550201","잠실역","서울특별시","no_unique_verified_match","2026-09-29T15:12:33.298354+00:00","no_unique_verified_match","2026-09-29T15:16:38.290591+00:00","no_unique_verified_match"
"2026-09-30T06:15:20Z","bus_terminal","data_go_kr_tago","intercity","NAI0616401","코엑스(도심공항)","서울특별시","no_unique_verified_match","2026-09-29T15:12:33.606141+00:00","no_unique_verified_match","2026-09-29T15:16:38.63824+00:00","no_unique_verified_match"
"2026-09-30T06:15:20Z","bus_terminal","data_go_kr_tago","intercity","NAI0654501","서울고속버스터미널(경부)","서울특별시","no_unique_verified_match","2026-09-29T15:12:33.867063+00:00","no_unique_verified_match","2026-09-29T15:16:38.903785+00:00","no_unique_verified_match"
"2026-09-30T06:15:20Z","bus_terminal","data_go_kr_tago","intercity","NAI0671801","서울남부","서울특별시","no_unique_verified_match","2026-09-29T15:12:34.178715+00:00","no_unique_verified_match","2026-09-29T15:16:39.245307+00:00","no_unique_verified_match"
"2026-09-30T06:15:20Z","bus_terminal","data_go_kr_tago","intercity","NAI0750501","김포공항","서울특별시","no_unique_verified_match","2026-09-29T15:12:34.328246+00:00","no_unique_verified_match","2026-09-29T15:16:40.460959+00:00","no_unique_verified_match"
"2026-09-30T06:15:20Z","bus_terminal","data_go_kr_tago","intercity","NAI0750503","김포공항(도심공항)","서울특별시","no_unique_verified_match","2026-09-29T15:12:34.397302+00:00","no_unique_verified_match","2026-09-29T15:16:41.298354+00:00","no_unique_verified_match"
"2026-09-30T06:15:20Z","bus_terminal","data_go_kr_tago","intercity","NAI1029401","성사고교","경기도","no_unique_verified_match","2026-09-29T15:12:34.568305+00:00","no_unique_verified_match","2026-09-29T15:16:42.431186+00:00","no_unique_verified_match"
"2026-09-30T06:15:20Z","bus_terminal","data_go_kr_tago","intercity","NAI1032301","위시티(3,4단지)","경기도","no_unique_verified_match","2026-09-29T15:12:34.694863+00:00","no_unique_verified_match","2026-09-29T15:16:43.143686+00:00","no_unique_verified_match"
"2026-09-30T06:15:20Z","bus_terminal","data_go_kr_tago","intercity","NAI1058501","지축역","경기도","no_unique_verified_match","2026-09-29T15:12:35.033645+00:00","no_unique_verified_match","2026-09-29T15:16:43.447259+00:00","no_unique_verified_match"
"2026-09-30T06:15:20Z","bus_terminal","data_go_kr_tago","intercity","NAI1082301","문산공용","경기도","no_unique_verified_match","2026-09-29T15:12:35.126583+00:00","no_unique_verified_match","2026-09-29T15:16:43.858917+00:00","no_unique_verified_match"
"2026-09-30T06:15:20Z","bus_terminal","data_go_kr_tago","intercity","NAI1093002","금촌역","경기도","no_unique_verified_match","2026-09-29T15:12:35.342154+00:00","no_unique_verified_match","2026-09-29T15:16:44.531524+00:00","no_unique_verified_match"
"2026-09-30T06:15:20Z","bus_terminal","data_go_kr_tago","intercity","NAI1100001","연천","경기도","no_unique_verified_match","2026-09-29T15:12:35.479935+00:00","incomplete_page","2026-09-29T15:16:44.981504+00:00","incomplete_page"
"2026-09-30T06:15:20Z","bus_terminal","data_go_kr_tago","intercity","NAI1176903","낙양동차고지","경기도","no_unique_verified_match","2026-09-29T15:12:35.98496+00:00","no_unique_verified_match","2026-09-29T15:16:45.29785+00:00","no_unique_verified_match"
"2026-09-30T06:15:20Z","bus_terminal","data_go_kr_tago","intercity","NAI1202001","광릉내","경기도","no_unique_verified_match","2026-09-29T15:12:36.240206+00:00","no_unique_verified_match","2026-09-29T15:16:45.906023+00:00","no_unique_verified_match"
"2026-09-30T06:15:20Z","bus_terminal","data_go_kr_tago","intercity","NAI1217902","원병원(마석)","경기도","no_unique_verified_match","2026-09-29T15:12:36.511115+00:00","no_unique_verified_match","2026-09-29T15:16:46.636486+00:00","no_unique_verified_match"
"2026-09-30T06:15:20Z","bus_terminal","data_go_kr_tago","intercity","NAI1227501","쌍용스위닷홈(덕소)","경기도","no_unique_verified_match","2026-09-29T15:12:36.639665+00:00","no_unique_verified_match","2026-09-29T15:16:47.439724+00:00","no_unique_verified_match"
"2026-09-30T06:15:20Z","bus_terminal","data_go_kr_tago","intercity","NAI1263101","여주","경기도","no_unique_verified_match","2026-09-29T15:12:36.97552+00:00","no_unique_verified_match","2026-09-29T15:16:48.365424+00:00","no_unique_verified_match"
"2026-09-30T06:15:20Z","bus_terminal","data_go_kr_tago","intercity","NAI1275701","광주(경기)","경기도","no_unique_verified_match","2026-09-29T15:12:37.088618+00:00","no_unique_verified_match","2026-09-29T15:16:49.079018+00:00","no_unique_verified_match"
"2026-09-30T06:15:20Z","bus_terminal","data_go_kr_tago","intercity","NAI1300101","감일문화공원(하남)","경기","no_unique_verified_match","2026-09-29T15:12:37.221359+00:00","no_unique_verified_match","2026-09-29T15:16:49.87086+00:00","no_unique_verified_match"
"2026-09-30T06:15:20Z","bus_terminal","data_go_kr_tago","intercity","NAI1302301","하남BRT","경기도","no_unique_verified_match","2026-09-29T15:12:37.388379+00:00","no_unique_verified_match","2026-09-29T15:16:50.840185+00:00","no_unique_verified_match"
"2026-09-30T06:15:20Z","bus_terminal","data_go_kr_tago","intercity","NAI1313401","을지대(성남)","경기도","no_unique_verified_match","2026-09-29T15:12:37.454319+00:00","no_unique_verified_match","2026-09-29T15:16:51.623216+00:00","no_unique_verified_match"
"2026-09-30T06:15:20Z","bus_terminal","data_go_kr_tago","intercity","NAI1354401","판교(풍경채7단지)","경기도","no_unique_verified_match","2026-09-29T15:12:37.824957+00:00","no_unique_verified_match","2026-09-29T15:16:52.358966+00:00","no_unique_verified_match"
"2026-09-30T06:15:20Z","bus_terminal","data_go_kr_tago","intercity","NAI1363601","오리역","경기도","no_unique_verified_match","2026-09-29T15:12:37.983866+00:00","no_unique_verified_match","2026-09-29T15:16:53.277687+00:00","no_unique_verified_match"
"2026-09-30T06:15:20Z","bus_terminal","data_go_kr_tago","intercity","NAI1454501","부천","경기도","no_unique_verified_match","2026-09-29T15:12:38.247059+00:00","no_unique_verified_match","2026-09-29T15:16:53.905998+00:00","no_unique_verified_match"
"2026-09-30T06:15:20Z","bus_terminal","data_go_kr_tago","intercity","NAI1529901","안산터미널","경기도","incomplete_page","2026-09-29T15:12:38.377236+00:00","incomplete_page","2026-09-29T15:16:54.508848+00:00","incomplete_page"
"2026-09-30T06:15:20Z","bus_terminal","data_go_kr_tago","intercity","NAI1654501","영통(더마레보호텔)공항행","경기도","no_unique_verified_match","2026-09-29T15:12:38.577658+00:00","no_unique_verified_match","2026-09-29T15:16:54.942734+00:00","no_unique_verified_match"
"2026-09-30T06:15:20Z","bus_terminal","data_go_kr_tago","intercity","NAI1658501","수원터미널","경기도","incomplete_page","2026-09-29T15:12:38.771492+00:00","incomplete_page","2026-09-29T15:16:56.376985+00:00","incomplete_page"
"2026-09-30T06:15:20Z","bus_terminal","data_go_kr_tago","intercity","NAI1689001","단국대(죽전캠퍼스)","경기도","no_unique_verified_match","2026-09-29T15:12:38.870292+00:00","no_unique_verified_match","2026-09-29T15:16:57.266477+00:00","no_unique_verified_match"
"2026-09-30T06:15:20Z","bus_terminal","data_go_kr_tago","intercity","NAI1706301","용인","경기도","no_unique_verified_match","2026-09-29T15:12:38.965261+00:00","no_unique_verified_match","2026-09-29T15:16:57.775034+00:00","no_unique_verified_match"
"2026-09-30T06:15:20Z","bus_terminal","data_go_kr_tago","intercity","NAI1707501","한국민속촌","경기도","no_unique_verified_match","2026-09-29T15:12:39.022491+00:00","no_unique_verified_match","2026-09-29T15:16:58.159187+00:00","no_unique_verified_match"
"2026-09-30T06:15:20Z","bus_terminal","data_go_kr_tago","intercity","NAI1715801","양지","경기도","no_unique_verified_match","2026-09-29T15:12:39.170143+00:00","no_unique_verified_match","2026-09-29T15:16:58.504075+00:00","no_unique_verified_match"
"2026-09-30T06:15:20Z","bus_terminal","data_go_kr_tago","intercity","NAI1741901","장호원공용","경기도","no_unique_verified_match","2026-09-29T15:12:39.313452+00:00","no_unique_verified_match","2026-09-29T15:16:59.217619+00:00","no_unique_verified_match"
"2026-09-30T06:15:20Z","bus_terminal","data_go_kr_tago","intercity","NAI1751601","동아방송대","경기도","no_unique_verified_match","2026-09-29T15:12:39.415947+00:00","no_unique_verified_match","2026-09-29T15:16:59.469493+00:00","no_unique_verified_match"
"2026-09-30T06:15:20Z","bus_terminal","data_go_kr_tago","intercity","NAI1812702","세교한신더휴(오산)","경기도","no_unique_verified_match","2026-09-29T15:12:39.709339+00:00","no_unique_verified_match","2026-09-29T15:16:59.722142+00:00","no_unique_verified_match"
"2026-09-30T06:15:20Z","bus_terminal","data_go_kr_tago","intercity","NAI1850701","동탄(자이파밀리에)","경기","no_unique_verified_match","2026-09-29T15:12:40.065433+00:00","no_unique_verified_match","2026-09-29T15:17:00.038284+00:00","no_unique_verified_match"
"2026-09-30T06:15:20Z","bus_terminal","data_go_kr_tago","intercity","NAI2238202","인천공항2터미널","인천광역시","no_unique_verified_match","2026-09-29T15:12:40.46117+00:00","incomplete_page","2026-09-29T15:17:00.659696+00:00","incomplete_page"
"2026-09-30T06:15:20Z","bus_terminal","data_go_kr_tago","intercity","NAI2401401","동송","강원도","no_unique_verified_match","2026-09-29T15:12:40.523322+00:00","no_unique_verified_match","2026-09-29T15:17:01.023102+00:00","no_unique_verified_match"
"2026-09-30T06:15:20Z","bus_terminal","data_go_kr_tago","intercity","NAI2405901","와수리","강원도","no_unique_verified_match","2026-09-29T15:12:40.6418+00:00","no_unique_verified_match","2026-09-29T15:17:01.541039+00:00","no_unique_verified_match"
"2026-09-30T06:15:20Z","bus_terminal","data_go_kr_tago","intercity","NAI2410101","산양리","강원도","no_unique_verified_match","2026-09-29T15:12:40.771288+00:00","no_unique_verified_match","2026-09-29T15:17:02.196075+00:00","no_unique_verified_match"
"2026-09-30T06:15:20Z","bus_terminal","data_go_kr_tago","intercity","NAI2410401","다목리","강원도","no_unique_verified_match","2026-09-29T15:12:40.889238+00:00","no_unique_verified_match","2026-09-29T15:17:02.478158+00:00","no_unique_verified_match"
"2026-09-30T06:15:20Z","bus_terminal","data_go_kr_tago","intercity","NAI2413001","화천","강원도","no_unique_verified_match","2026-09-29T15:12:41.015772+00:00","no_unique_verified_match","2026-09-29T15:17:03.109245+00:00","no_unique_verified_match"
"2026-09-30T06:15:20Z","bus_terminal","data_go_kr_tago","intercity","NAI2415401","사창리","강원도","no_unique_verified_match","2026-09-29T15:12:41.242671+00:00","no_unique_verified_match","2026-09-29T15:17:03.375101+00:00","no_unique_verified_match"
"2026-09-30T06:15:20Z","bus_terminal","data_go_kr_tago","intercity","NAI2455401","양구정중앙","강원도","no_unique_verified_match","2026-09-29T15:12:41.661836+00:00","no_unique_verified_match","2026-09-29T15:17:03.724578+00:00","no_unique_verified_match"
"2026-09-30T06:15:20Z","bus_terminal","data_go_kr_tago","intercity","NAI2460501","백담사입구","강원도","no_unique_verified_match","2026-09-29T15:12:41.807839+00:00","no_unique_verified_match","2026-09-29T15:17:04.335637+00:00","no_unique_verified_match"
"2026-09-30T06:15:20Z","bus_terminal","data_go_kr_tago","intercity","NAI2465901","현리(강원)","강원도","no_unique_verified_match","2026-09-29T15:12:42.275339+00:00","no_unique_verified_match","2026-09-29T15:17:04.610354+00:00","no_unique_verified_match"
"2026-09-30T06:15:20Z","bus_terminal","data_go_kr_tago","intercity","NAI2472501","거진","강원도","no_unique_verified_match","2026-09-29T15:12:42.401686+00:00","no_unique_verified_match","2026-09-29T15:17:04.952017+00:00","no_unique_verified_match"
"2026-09-30T06:15:20Z","bus_terminal","data_go_kr_tago","intercity","NAI2473401","간성","강원도","no_unique_verified_match","2026-09-29T15:12:42.498095+00:00","no_unique_verified_match","2026-09-29T15:17:05.260016+00:00","no_unique_verified_match"
"2026-09-30T06:15:20Z","bus_terminal","data_go_kr_tago","intercity","NAI2503101","양양","강원도","no_unique_verified_match","2026-09-29T15:12:42.806906+00:00","no_unique_verified_match","2026-09-29T15:17:06.400987+00:00","no_unique_verified_match"
"2026-09-30T06:15:20Z","bus_terminal","data_go_kr_tago","intercity","NAI2510801","양덕원","강원도","no_unique_verified_match","2026-09-29T15:12:42.970155+00:00","no_unique_verified_match","2026-09-29T15:17:07.00188+00:00","no_unique_verified_match"
"2026-09-30T06:15:20Z","bus_terminal","data_go_kr_tago","intercity","NAI2541901","주문진","강원도","no_unique_verified_match","2026-09-29T15:12:43.244054+00:00","no_unique_verified_match","2026-09-29T15:17:07.25946+00:00","no_unique_verified_match"
"2026-09-30T06:15:20Z","bus_terminal","data_go_kr_tago","intercity","NAI2570801","대진","강원도","no_unique_verified_match","2026-09-29T15:12:43.357339+00:00","no_unique_verified_match","2026-09-29T15:17:07.624419+00:00","no_unique_verified_match"
"2026-09-30T06:15:20Z","bus_terminal","data_go_kr_tago","intercity","NAI2595601","임원","강원도","no_unique_verified_match","2026-09-29T15:12:43.476923+00:00","no_unique_verified_match","2026-09-29T15:17:08.021279+00:00","no_unique_verified_match"
"2026-09-30T06:15:20Z","bus_terminal","data_go_kr_tago","intercity","NAI2600701","태백","강원도","no_unique_verified_match","2026-09-29T15:12:43.723902+00:00","no_unique_verified_match","2026-09-29T15:17:08.313963+00:00","no_unique_verified_match"
"2026-09-30T06:15:20Z","bus_terminal","data_go_kr_tago","intercity","NAI2613201","정선","강원도","no_unique_verified_match","2026-09-29T15:12:43.827629+00:00","no_unique_verified_match","2026-09-29T15:17:08.882219+00:00","no_unique_verified_match"
"2026-09-30T06:15:20Z","bus_terminal","data_go_kr_tago","intercity","NAI2701101","단양","충청북도","no_unique_verified_match","2026-09-29T15:12:44.165191+00:00","no_unique_verified_match","2026-09-29T15:17:09.732231+00:00","no_unique_verified_match"
"2026-09-30T06:15:20Z","bus_terminal","data_go_kr_tago","intercity","NAI2702001","구인사","충청북도","no_unique_verified_match","2026-09-29T15:12:44.266334+00:00","no_unique_verified_match","2026-09-29T15:17:09.988534+00:00","no_unique_verified_match"
"2026-09-30T06:15:20Z","bus_terminal","data_go_kr_tago","intercity","NAI2710401","백운","충청북도","no_unique_verified_match","2026-09-29T15:12:44.465052+00:00","no_unique_verified_match","2026-09-29T15:17:10.616473+00:00","no_unique_verified_match"
"2026-09-30T06:15:20Z","bus_terminal","data_go_kr_tago","intercity","NAI2713601","세명대","충청북도","no_unique_verified_match","2026-09-29T15:12:44.614999+00:00","no_unique_verified_match","2026-09-29T15:17:10.995725+00:00","no_unique_verified_match"
"2026-09-30T06:15:20Z","bus_terminal","data_go_kr_tago","intercity","NAI2736001","충주","충청북도","no_unique_verified_match","2026-09-29T15:12:44.841912+00:00","no_unique_verified_match","2026-09-29T15:17:11.943007+00:00","no_unique_verified_match"
"2026-09-30T06:15:20Z","bus_terminal","data_go_kr_tago","intercity","NAI2746901","교통대학","충청북도","no_unique_verified_match","2026-09-29T15:12:44.957297+00:00","no_unique_verified_match","2026-09-29T15:17:13.172344+00:00","no_unique_verified_match"
"2026-09-30T06:15:20Z","bus_terminal","data_go_kr_tago","intercity","NAI2747801","건국대(충주)","충청북도","no_unique_verified_match","2026-09-29T15:12:45.0927+00:00","incomplete_page","2026-09-29T15:17:16.58465+00:00","incomplete_page"
"2026-09-30T06:15:20Z","bus_terminal","data_go_kr_tago","intercity","NAI2749601","수안보","충청북도","no_unique_verified_match","2026-09-29T15:12:45.173936+00:00","no_unique_verified_match","2026-09-29T15:17:17.987045+00:00","no_unique_verified_match"
"2026-09-30T06:15:20Z","bus_terminal","data_go_kr_tago","intercity","NAI2764801","삼성(대소)","충청북도","no_unique_verified_match","2026-09-29T15:12:45.379576+00:00","no_unique_verified_match","2026-09-29T15:17:18.239646+00:00","no_unique_verified_match"
"2026-09-30T06:15:20Z","bus_terminal","data_go_kr_tago","intercity","NAI2769501","음성","충청북도","no_unique_verified_match","2026-09-29T15:12:45.716809+00:00","no_unique_verified_match","2026-09-29T15:17:19.03888+00:00","no_unique_verified_match"
"2026-09-30T06:15:20Z","bus_terminal","data_go_kr_tago","intercity","NAI2782001","이월(충북)","충청북도","no_unique_verified_match","2026-09-29T15:12:46.001816+00:00","no_unique_verified_match","2026-09-29T15:17:19.294417+00:00","no_unique_verified_match"
"2026-09-30T06:15:20Z","bus_terminal","data_go_kr_tago","intercity","NAI2783101","진천","충청북도","no_unique_verified_match","2026-09-29T15:12:46.063315+00:00","no_unique_verified_match","2026-09-29T15:17:19.887314+00:00","no_unique_verified_match"
"2026-09-30T06:15:20Z","bus_terminal","data_go_kr_tago","intercity","NAI2814201","청주공항","충청북도","no_unique_verified_match","2026-09-29T15:12:46.370111+00:00","no_unique_verified_match","2026-09-29T15:17:20.504986+00:00","no_unique_verified_match"
"2026-09-30T06:15:20Z","bus_terminal","data_go_kr_tago","intercity","NAI2816403","오송(오스코)","충청북도","no_unique_verified_match","2026-09-29T15:12:46.524865+00:00","no_unique_verified_match","2026-09-29T15:17:21.100834+00:00","no_unique_verified_match"
"2026-09-30T06:15:20Z","bus_terminal","data_go_kr_tago","intercity","NAI2833901","청주율량","충청북도","no_unique_verified_match","2026-09-29T15:12:46.593463+00:00","no_unique_verified_match","2026-09-29T15:17:21.687242+00:00","no_unique_verified_match"
"2026-09-30T06:15:20Z","bus_terminal","data_go_kr_tago","intercity","NAI2839701","청주","충청북도","no_unique_verified_match","2026-09-29T15:12:46.646975+00:00","incomplete_page","2026-09-29T15:17:21.951981+00:00","incomplete_page"
"2026-09-30T06:15:20Z","bus_terminal","data_go_kr_tago","intercity","NAI2848501","청주대정류소","충청북도","no_unique_verified_match","2026-09-29T15:12:46.699377+00:00","no_unique_verified_match","2026-09-29T15:17:22.255661+00:00","no_unique_verified_match"
"2026-09-30T06:15:20Z","bus_terminal","data_go_kr_tago","intercity","NAI2863501","남청주","충청북도","no_unique_verified_match","2026-09-29T15:12:46.813612+00:00","no_unique_verified_match","2026-09-29T15:17:22.869567+00:00","no_unique_verified_match"
"2026-09-30T06:15:20Z","bus_terminal","data_go_kr_tago","intercity","NAI2900601","현리","충청북도","no_unique_verified_match","2026-09-29T15:12:47.087912+00:00","no_unique_verified_match","2026-09-29T15:17:23.451632+00:00","no_unique_verified_match"
"2026-09-30T06:15:20Z","bus_terminal","data_go_kr_tago","intercity","NAI2903301","옥천","충청북도","no_unique_verified_match","2026-09-29T15:12:47.292475+00:00","no_unique_verified_match","2026-09-29T15:17:24.055639+00:00","no_unique_verified_match"
"2026-09-30T06:15:20Z","bus_terminal","data_go_kr_tago","intercity","NAI3002601","조치원","세종특별자치시","no_unique_verified_match","2026-09-29T15:12:47.347246+00:00","no_unique_verified_match","2026-09-29T15:17:24.688958+00:00","no_unique_verified_match"
"2026-09-30T06:15:20Z","bus_terminal","data_go_kr_tago","intercity","NAI3010701","세종청사","세종특별자치시","no_unique_verified_match","2026-09-29T15:12:47.407373+00:00","no_unique_verified_match","2026-09-29T15:17:25.229971+00:00","no_unique_verified_match"
"2026-09-30T06:15:20Z","bus_terminal","data_go_kr_tago","intercity","NAI3015401","세종시","세종특별자치시","no_unique_verified_match","2026-09-29T15:12:47.459484+00:00","no_unique_verified_match","2026-09-29T15:17:25.846468+00:00","no_unique_verified_match"
"2026-09-30T06:15:20Z","bus_terminal","data_go_kr_tago","intercity","NAI3148401","배방정류소","충청남도","no_unique_verified_match","2026-09-29T15:12:47.901783+00:00","no_unique_verified_match","2026-09-29T15:17:26.457753+00:00","no_unique_verified_match"
"2026-09-30T06:15:20Z","bus_terminal","data_go_kr_tago","intercity","NAI3151704","아산(온양)","충청남도","no_unique_verified_match","2026-09-29T15:12:48.000709+00:00","no_unique_verified_match","2026-09-29T15:17:27.068844+00:00","no_unique_verified_match"
"2026-09-30T06:15:20Z","bus_terminal","data_go_kr_tago","intercity","NAI3153401","신창","충청남도","no_unique_verified_match","2026-09-29T15:12:48.070356+00:00","no_unique_verified_match","2026-09-29T15:17:27.682697+00:00","no_unique_verified_match"
"2026-09-30T06:15:20Z","bus_terminal","data_go_kr_tago","intercity","NAI3173301","기지시","충청남도","no_unique_verified_match","2026-09-29T15:12:48.132117+00:00","no_unique_verified_match","2026-09-29T15:17:28.403427+00:00","no_unique_verified_match"
"2026-09-30T06:15:20Z","bus_terminal","data_go_kr_tago","intercity","NAI3174801","신평","충청남도","no_unique_verified_match","2026-09-29T15:12:48.370879+00:00","no_unique_verified_match","2026-09-29T15:17:28.899978+00:00","no_unique_verified_match"
"2026-09-30T06:15:20Z","bus_terminal","data_go_kr_tago","intercity","NAI3177101","당진","충청남도","no_unique_verified_match","2026-09-29T15:12:48.532207+00:00","no_unique_verified_match","2026-09-29T15:17:29.305825+00:00","no_unique_verified_match"
"2026-09-30T06:15:20Z","bus_terminal","data_go_kr_tago","intercity","NAI3193601","음암","충청남도","no_unique_verified_match","2026-09-29T15:12:48.704273+00:00","no_unique_verified_match","2026-09-29T15:17:29.629987+00:00","no_unique_verified_match"
"2026-09-30T06:15:20Z","bus_terminal","data_go_kr_tago","intercity","NAI3194501","운산","충청남도","no_unique_verified_match","2026-09-29T15:12:48.753588+00:00","no_unique_verified_match","2026-09-29T15:17:30.266703+00:00","no_unique_verified_match"
"2026-09-30T06:15:20Z","bus_terminal","data_go_kr_tago","intercity","NAI3196001","해미","충청남도","no_unique_verified_match","2026-09-29T15:12:48.814642+00:00","no_unique_verified_match","2026-09-29T15:17:30.836761+00:00","no_unique_verified_match"
"2026-09-30T06:15:20Z","bus_terminal","data_go_kr_tago","intercity","NAI3196201","한서대","충청남도","no_unique_verified_match","2026-09-29T15:12:48.864864+00:00","no_unique_verified_match","2026-09-29T15:17:31.473221+00:00","no_unique_verified_match"
"2026-09-30T06:15:20Z","bus_terminal","data_go_kr_tago","intercity","NAI3198101","서산","충청남도","no_unique_verified_match","2026-09-29T15:12:48.920412+00:00","no_unique_verified_match","2026-09-29T15:17:32.056246+00:00","no_unique_verified_match"
"2026-09-30T06:15:20Z","bus_terminal","data_go_kr_tago","intercity","NAI3202701","고북","충청남도","no_unique_verified_match","2026-09-29T15:12:48.974012+00:00","no_unique_verified_match","2026-09-29T15:17:32.703974+00:00","no_unique_verified_match"
"2026-09-30T06:15:20Z","bus_terminal","data_go_kr_tago","intercity","NAI3212301","만리포","충청남도","no_unique_verified_match","2026-09-29T15:12:49.080245+00:00","no_unique_verified_match","2026-09-29T15:17:33.026475+00:00","no_unique_verified_match"
"2026-09-30T06:15:20Z","bus_terminal","data_go_kr_tago","intercity","NAI3214401","태안","충청남도","no_unique_verified_match","2026-09-29T15:12:49.347854+00:00","no_unique_verified_match","2026-09-29T15:17:33.574916+00:00","no_unique_verified_match"
"2026-09-30T06:15:20Z","bus_terminal","data_go_kr_tago","intercity","NAI3216201","창기리","충청남도","no_unique_verified_match","2026-09-29T15:12:49.421913+00:00","no_unique_verified_match","2026-09-29T15:17:33.934587+00:00","no_unique_verified_match"
"2026-09-30T06:15:20Z","bus_terminal","data_go_kr_tago","intercity","NAI3216401","안면도","충청남도","no_unique_verified_match","2026-09-29T15:12:49.470028+00:00","no_unique_verified_match","2026-09-29T15:17:34.552608+00:00","no_unique_verified_match"
"2026-09-30T06:15:20Z","bus_terminal","data_go_kr_tago","intercity","NAI3222001","홍성","충청남도","no_unique_verified_match","2026-09-29T15:12:49.525942+00:00","no_unique_verified_match","2026-09-29T15:17:34.947935+00:00","no_unique_verified_match"
"2026-09-30T06:15:20Z","bus_terminal","data_go_kr_tago","intercity","NAI3240601","덕산스파","충청남도","no_unique_verified_match","2026-09-29T15:12:49.58179+00:00","no_unique_verified_match","2026-09-29T15:17:35.276458+00:00","no_unique_verified_match"
"2026-09-30T06:15:20Z","bus_terminal","data_go_kr_tago","intercity","NAI3241601","내포","충청남도","no_unique_verified_match","2026-09-29T15:12:49.719575+00:00","no_unique_verified_match","2026-09-29T15:17:35.566731+00:00","no_unique_verified_match"
"2026-09-30T06:15:20Z","bus_terminal","data_go_kr_tago","intercity","NAI3242101","신례원","충청남도","no_unique_verified_match","2026-09-29T15:12:49.780003+00:00","no_unique_verified_match","2026-09-29T15:17:35.97354+00:00","no_unique_verified_match"
"2026-09-30T06:15:20Z","bus_terminal","data_go_kr_tago","intercity","NAI3242801","예산","충청남도","no_unique_verified_match","2026-09-29T15:12:49.891352+00:00","no_unique_verified_match","2026-09-29T15:17:36.289169+00:00","no_unique_verified_match"
"2026-09-30T06:15:20Z","bus_terminal","data_go_kr_tago","intercity","NAI3245301","신양","충청남도","no_unique_verified_match","2026-09-29T15:12:50.152038+00:00","no_unique_verified_match","2026-09-29T15:17:36.903165+00:00","no_unique_verified_match"
"2026-09-30T06:15:20Z","bus_terminal","data_go_kr_tago","intercity","NAI3271401","마전(충남)","충청남도","no_unique_verified_match","2026-09-29T15:12:50.389933+00:00","no_unique_verified_match","2026-09-29T15:17:37.510555+00:00","no_unique_verified_match"
"2026-09-30T06:15:20Z","bus_terminal","data_go_kr_tago","intercity","NAI3282601","계룡금암","충청남도","no_unique_verified_match","2026-09-29T15:12:50.562396+00:00","no_unique_verified_match","2026-09-29T15:17:38.084567+00:00","no_unique_verified_match"
"2026-09-30T06:15:20Z","bus_terminal","data_go_kr_tago","intercity","NAI3331201","화성(청양)","충청남도","no_unique_verified_match","2026-09-29T15:12:50.800147+00:00","no_unique_verified_match","2026-09-29T15:17:38.435609+00:00","no_unique_verified_match"
"2026-09-30T06:15:20Z","bus_terminal","data_go_kr_tago","intercity","NAI3334601","정산","충청남도","no_unique_verified_match","2026-09-29T15:12:51.177601+00:00","no_unique_verified_match","2026-09-29T15:17:38.749534+00:00","no_unique_verified_match"
"2026-09-30T06:15:20Z","bus_terminal","data_go_kr_tago","intercity","NAI3345801","보령","충청남도","no_unique_verified_match","2026-09-29T15:12:51.290406+00:00","no_unique_verified_match","2026-09-29T15:17:39.429838+00:00","no_unique_verified_match"
"2026-09-30T06:15:20Z","bus_terminal","data_go_kr_tago","intercity","NAI3367401","장항","충청남도","no_unique_verified_match","2026-09-29T15:12:51.524084+00:00","no_unique_verified_match","2026-09-29T15:17:40.076991+00:00","no_unique_verified_match"
"2026-09-30T06:15:20Z","bus_terminal","data_go_kr_tago","intercity","NAI3405901","자운대","대전광역시","no_unique_verified_match","2026-09-29T15:12:51.634723+00:00","no_unique_verified_match","2026-09-29T15:17:40.644631+00:00","no_unique_verified_match"
"2026-09-30T06:15:20Z","bus_terminal","data_go_kr_tago","intercity","NAI3417501","유성복합","대전광역시","no_unique_verified_match","2026-09-29T15:12:51.750255+00:00","no_unique_verified_match","2026-09-29T15:17:41.279506+00:00","no_unique_verified_match"
"2026-09-30T06:15:20Z","bus_terminal","data_go_kr_tago","intercity","NAI3431101","신탄진역","대전광역시","no_unique_verified_match","2026-09-29T15:12:51.993714+00:00","no_unique_verified_match","2026-09-29T15:17:41.916169+00:00","no_unique_verified_match"
"2026-09-30T06:15:20Z","bus_terminal","data_go_kr_tago","intercity","NAI3607801","영주","경상북도","no_unique_verified_match","2026-09-29T15:12:52.266265+00:00","no_unique_verified_match","2026-09-29T15:17:42.222681+00:00","no_unique_verified_match"
"2026-09-30T06:15:20Z","bus_terminal","data_go_kr_tago","intercity","NAI3621401","춘양","경상북도","no_unique_verified_match","2026-09-29T15:12:52.365561+00:00","no_unique_verified_match","2026-09-29T15:17:42.53576+00:00","no_unique_verified_match"
"2026-09-30T06:15:20Z","bus_terminal","data_go_kr_tago","intercity","NAI3631601","죽변","경상북도","no_unique_verified_match","2026-09-29T15:12:52.716889+00:00","no_unique_verified_match","2026-09-29T15:17:42.979677+00:00","no_unique_verified_match"
"2026-09-30T06:15:20Z","bus_terminal","data_go_kr_tago","intercity","NAI3635801","온정","경상북도","no_unique_verified_match","2026-09-29T15:12:52.942052+00:00","no_unique_verified_match","2026-09-29T15:17:43.25034+00:00","no_unique_verified_match"
"2026-09-30T06:15:20Z","bus_terminal","data_go_kr_tago","intercity","NAI3636601","평해","경상북도","no_unique_verified_match","2026-09-29T15:12:52.993189+00:00","no_unique_verified_match","2026-09-29T15:17:43.867539+00:00","no_unique_verified_match"
"2026-09-30T06:15:20Z","bus_terminal","data_go_kr_tago","intercity","NAI3653301","영양","경상북도","no_unique_verified_match","2026-09-29T15:12:53.426758+00:00","no_unique_verified_match","2026-09-29T15:17:44.470852+00:00","no_unique_verified_match"
"2026-09-30T06:15:20Z","bus_terminal","data_go_kr_tago","intercity","NAI3682301","예천삼거리","경상북도","no_unique_verified_match","2026-09-29T15:12:53.653155+00:00","no_unique_verified_match","2026-09-29T15:17:44.977353+00:00","no_unique_verified_match"
"2026-09-30T06:15:20Z","bus_terminal","data_go_kr_tago","intercity","NAI3684901","경북도청(신)","경상북도","no_unique_verified_match","2026-09-29T15:12:53.865274+00:00","no_unique_verified_match","2026-09-29T15:17:45.249898+00:00","no_unique_verified_match"
"2026-09-30T06:15:20Z","bus_terminal","data_go_kr_tago","intercity","NAI3685801","용궁","경상북도","no_unique_verified_match","2026-09-29T15:12:53.982235+00:00","no_unique_verified_match","2026-09-29T15:17:45.498937+00:00","no_unique_verified_match"
"2026-09-30T06:15:20Z","bus_terminal","data_go_kr_tago","intercity","NAI3710402","한방단지","경상북도","no_unique_verified_match","2026-09-29T15:12:54.419065+00:00","no_unique_verified_match","2026-09-29T15:17:45.755954+00:00","no_unique_verified_match"
"2026-09-30T06:15:20Z","bus_terminal","data_go_kr_tago","intercity","NAI3711801","함창","경상북도","no_unique_verified_match","2026-09-29T15:12:54.530767+00:00","no_unique_verified_match","2026-09-29T15:17:46.000857+00:00","no_unique_verified_match"
"2026-09-30T06:15:20Z","bus_terminal","data_go_kr_tago","intercity","NAI3713901","화령","경상북도","no_unique_verified_match","2026-09-29T15:12:54.62856+00:00","no_unique_verified_match","2026-09-29T15:17:46.649659+00:00","no_unique_verified_match"
"2026-09-30T06:15:20Z","bus_terminal","data_go_kr_tago","intercity","NAI3731201","안계","경상북도","no_unique_verified_match","2026-09-29T15:12:54.859384+00:00","no_unique_verified_match","2026-09-29T15:17:46.911421+00:00","no_unique_verified_match"
"2026-09-30T06:15:20Z","bus_terminal","data_go_kr_tago","intercity","NAI3815702","경주고속","경상북도","no_unique_verified_match","2026-09-29T15:12:55.663382+00:00","no_unique_verified_match","2026-09-29T15:17:47.172447+00:00","no_unique_verified_match"
"2026-09-30T06:15:20Z","bus_terminal","data_go_kr_tago","intercity","NAI3845402","대구대","경상북도","no_unique_verified_match","2026-09-29T15:12:55.86907+00:00","no_unique_verified_match","2026-09-29T15:17:47.561981+00:00","no_unique_verified_match"
"2026-09-30T06:15:20Z","bus_terminal","data_go_kr_tago","intercity","NAI3901801","군위","대구광역시","no_unique_verified_match","2026-09-29T15:12:56.068832+00:00","no_unique_verified_match","2026-09-29T15:17:47.818279+00:00","no_unique_verified_match"
"2026-09-30T06:15:20Z","bus_terminal","data_go_kr_tago","intercity","NAI3923301","구미","경상북도","no_unique_verified_match","2026-09-29T15:12:56.127653+00:00","no_unique_verified_match","2026-09-29T15:17:48.072035+00:00","no_unique_verified_match"
"2026-09-30T06:15:20Z","bus_terminal","data_go_kr_tago","intercity","NAI3926701","구미공단","경상북도","no_unique_verified_match","2026-09-29T15:12:56.272155+00:00","no_unique_verified_match","2026-09-29T15:17:48.348051+00:00","no_unique_verified_match"
"2026-09-30T06:15:20Z","bus_terminal","data_go_kr_tago","intercity","NAI3962602","김천부곡(공항)","경상북도","no_unique_verified_match","2026-09-29T15:12:56.409013+00:00","no_unique_verified_match","2026-09-29T15:17:48.604005+00:00","no_unique_verified_match"
"2026-09-30T06:15:20Z","bus_terminal","data_go_kr_tago","intercity","NAI4002701","성주","경상북도","no_unique_verified_match","2026-09-29T15:12:56.475852+00:00","no_unique_verified_match","2026-09-29T15:17:49.120396+00:00","no_unique_verified_match"
"2026-09-30T06:15:20Z","bus_terminal","data_go_kr_tago","intercity","NAI4013501","고령","경상북도","no_unique_verified_match","2026-09-29T15:12:56.629822+00:00","no_unique_verified_match","2026-09-29T15:17:49.634712+00:00","no_unique_verified_match"
"2026-09-30T06:15:20Z","bus_terminal","data_go_kr_tago","intercity","NAI4105201","대구공항","대구광역시","no_unique_verified_match","2026-09-29T15:12:56.761329+00:00","no_unique_verified_match","2026-09-29T15:17:50.33285+00:00","no_unique_verified_match"
"2026-09-30T06:15:20Z","bus_terminal","data_go_kr_tago","intercity","NAI4124601","대구동부","대구광역시","no_unique_verified_match","2026-09-29T15:12:57.004482+00:00","no_unique_verified_match","2026-09-29T15:17:50.621785+00:00","no_unique_verified_match"
"2026-09-30T06:15:20Z","bus_terminal","data_go_kr_tago","intercity","NAI4248201","대구서부","대구광역시","no_unique_verified_match","2026-09-29T15:12:57.205587+00:00","no_unique_verified_match","2026-09-29T15:17:51.036015+00:00","no_unique_verified_match"
"2026-09-30T06:15:20Z","bus_terminal","data_go_kr_tago","intercity","NAI4467901","울산(태화)","울산광역시","no_unique_verified_match","2026-09-29T15:12:57.373387+00:00","no_unique_verified_match","2026-09-29T15:17:51.306509+00:00","no_unique_verified_match"
"2026-09-30T06:15:20Z","bus_terminal","data_go_kr_tago","intercity","NAI4620401","부산동부","부산광역시","no_unique_verified_match","2026-09-29T15:12:57.686551+00:00","no_unique_verified_match","2026-09-29T15:17:51.600921+00:00","no_unique_verified_match"
"2026-09-30T06:15:20Z","bus_terminal","data_go_kr_tago","intercity","NAI4620402","노포","부산광역시","no_unique_verified_match","2026-09-29T15:12:57.805657+00:00","no_unique_verified_match","2026-09-29T15:17:51.956608+00:00","no_unique_verified_match"
"2026-09-30T06:15:20Z","bus_terminal","data_go_kr_tago","intercity","NAI4671801","김해공항","부산광역시","no_unique_verified_match","2026-09-29T15:12:58.014307+00:00","no_unique_verified_match","2026-09-29T15:17:52.479759+00:00","no_unique_verified_match"
"2026-09-30T06:15:20Z","bus_terminal","data_go_kr_tago","intercity","NAI4671804","김해공항국제(세인공항리무진)","부산광역시","no_unique_verified_match","2026-09-29T15:12:58.12132+00:00","no_unique_verified_match","2026-09-29T15:17:53.162677+00:00","no_unique_verified_match"
"2026-09-30T06:15:20Z","bus_terminal","data_go_kr_tago","intercity","NAI4671806","김해공항(태화)국제","부산광역시","no_unique_verified_match","2026-09-29T15:12:58.287947+00:00","no_unique_verified_match","2026-09-29T15:17:53.495112+00:00","no_unique_verified_match"
"2026-09-30T06:15:20Z","bus_terminal","data_go_kr_tago","intercity","NAI4696901","부산서부(사상)","부산광역시","no_unique_verified_match","2026-09-29T15:12:58.368404+00:00","no_unique_verified_match","2026-09-29T15:17:53.794032+00:00","no_unique_verified_match"
"2026-09-30T06:15:20Z","bus_terminal","data_go_kr_tago","intercity","NAI4773401","부산동래","부산광역시","no_unique_verified_match","2026-09-29T15:12:58.553139+00:00","no_unique_verified_match","2026-09-29T15:17:54.479796+00:00","no_unique_verified_match"
"2026-09-30T06:15:20Z","bus_terminal","data_go_kr_tago","intercity","NAI4808801","부산해운대(수도권)","부산광역시","no_unique_verified_match","2026-09-29T15:12:58.607573+00:00","no_unique_verified_match","2026-09-29T15:17:55.066489+00:00","no_unique_verified_match"
"2026-09-30T06:15:20Z","bus_terminal","data_go_kr_tago","intercity","NAI4809501","부산해운대","부산광역시","no_unique_verified_match","2026-09-29T15:12:58.668296+00:00","no_unique_verified_match","2026-09-29T15:17:55.321898+00:00","no_unique_verified_match"
"2026-09-30T06:15:20Z","bus_terminal","data_go_kr_tago","intercity","NAI5020101","가야","경상남도","no_unique_verified_match","2026-09-29T15:12:59.118563+00:00","no_unique_verified_match","2026-09-29T15:17:55.640933+00:00","no_unique_verified_match"
"2026-09-30T06:15:20Z","bus_terminal","data_go_kr_tago","intercity","NAI5093801","김해","경상남도","no_unique_verified_match","2026-09-29T15:12:59.872575+00:00","no_unique_verified_match","2026-09-29T15:17:55.948674+00:00","no_unique_verified_match"
"2026-09-30T06:15:20Z","bus_terminal","data_go_kr_tago","intercity","NAI5130101","마산역(공항리무진)","경상남도","no_unique_verified_match","2026-09-29T15:12:59.965123+00:00","no_unique_verified_match","2026-09-29T15:17:56.28861+00:00","no_unique_verified_match"
"2026-09-30T06:15:20Z","bus_terminal","data_go_kr_tago","intercity","NAI5143601","정우상가","경남","no_unique_verified_match","2026-09-29T15:13:00.266799+00:00","no_unique_verified_match","2026-09-29T15:17:56.566898+00:00","no_unique_verified_match"
"2026-09-30T06:15:20Z","bus_terminal","data_go_kr_tago","intercity","NAI5153601","창원남산","경상남도","no_unique_verified_match","2026-09-29T15:13:00.317348+00:00","no_unique_verified_match","2026-09-29T15:17:56.873043+00:00","no_unique_verified_match"
"2026-09-30T06:15:20Z","bus_terminal","data_go_kr_tago","intercity","NAI5160301","용원(녹산,명지)","경상남도","no_unique_verified_match","2026-09-29T15:13:00.534955+00:00","no_unique_verified_match","2026-09-29T15:17:57.143647+00:00","no_unique_verified_match"
"2026-09-30T06:15:20Z","bus_terminal","data_go_kr_tago","intercity","NAI5204401","가야주공(함안)","경상남도","no_unique_verified_match","2026-09-29T15:13:00.889318+00:00","no_unique_verified_match","2026-09-29T15:17:57.486037+00:00","no_unique_verified_match"
"2026-09-30T06:15:20Z","bus_terminal","data_go_kr_tago","intercity","NAI5223604","중산리(산청군)","경상남도","no_unique_verified_match","2026-09-29T15:13:01.198275+00:00","no_unique_verified_match","2026-09-29T15:17:58.094503+00:00","no_unique_verified_match"
"2026-09-30T06:15:20Z","bus_terminal","data_go_kr_tago","intercity","NAI5230001","의신","경상남도","no_unique_verified_match","2026-09-29T15:13:01.274544+00:00","no_unique_verified_match","2026-09-29T15:17:58.721736+00:00","no_unique_verified_match"
"2026-09-30T06:15:20Z","bus_terminal","data_go_kr_tago","intercity","NAI5230201","쌍계사","경상남도","no_unique_verified_match","2026-09-29T15:13:01.334581+00:00","no_unique_verified_match","2026-09-29T15:17:59.017185+00:00","no_unique_verified_match"
"2026-09-30T06:15:20Z","bus_terminal","data_go_kr_tago","intercity","NAI5235004","전도","경상남도","no_unique_verified_match","2026-09-29T15:13:01.614592+00:00","no_unique_verified_match","2026-09-29T15:17:59.334713+00:00","no_unique_verified_match"
"2026-09-30T06:15:20Z","bus_terminal","data_go_kr_tago","intercity","NAI5241401","남해","경상남도","no_unique_verified_match","2026-09-29T15:13:01.714497+00:00","no_unique_verified_match","2026-09-29T15:17:59.701471+00:00","no_unique_verified_match"
"2026-09-30T06:15:20Z","bus_terminal","data_go_kr_tago","intercity","NAI5250401","곤양","경상남도","no_unique_verified_match","2026-09-29T15:13:01.820264+00:00","no_unique_verified_match","2026-09-29T15:18:00.041854+00:00","no_unique_verified_match"
"2026-09-30T06:15:20Z","bus_terminal","data_go_kr_tago","intercity","NAI5275901","진주","경상남도","not_searched","","not_searched","","excluded_duplicate_name"
"2026-09-30T06:15:20Z","bus_terminal","data_go_kr_tago","intercity","NAI5275903","진주(경전)","경상남도","no_unique_verified_match","2026-09-29T15:13:02.076293+00:00","no_unique_verified_match","2026-09-29T15:18:00.759453+00:00","no_unique_verified_match"
"2026-09-30T06:15:20Z","bus_terminal","data_go_kr_tago","intercity","NAI5275905","진주(경남)","경상남도","no_unique_verified_match","2026-09-29T15:13:02.17852+00:00","incomplete_page","2026-09-29T15:18:01.37164+00:00","incomplete_page"
"2026-09-30T06:15:20Z","bus_terminal","data_go_kr_tago","intercity","NAI5275907","진주","경상남도","not_searched","","not_searched","","excluded_duplicate_name"
"2026-09-30T06:15:20Z","bus_terminal","data_go_kr_tago","intercity","NAI5275908","진주(부산교통)","경상남도","no_unique_verified_match","2026-09-29T15:13:02.436775+00:00","no_unique_verified_match","2026-09-29T15:18:02.25478+00:00","no_unique_verified_match"
"2026-09-30T06:15:20Z","bus_terminal","data_go_kr_tago","intercity","NAI5275910","진주(경원)","경상남도","no_unique_verified_match","2026-09-29T15:13:02.550043+00:00","no_unique_verified_match","2026-09-29T15:18:02.603834+00:00","no_unique_verified_match"
"2026-09-30T06:15:20Z","bus_terminal","data_go_kr_tago","intercity","NAI5282202","개양(진주)","경상남도","no_unique_verified_match","2026-09-29T15:13:02.757327+00:00","no_unique_verified_match","2026-09-29T15:18:03.289223+00:00","no_unique_verified_match"
"2026-09-30T06:15:20Z","bus_terminal","data_go_kr_tago","intercity","NAI5293101","고성","경상남도","no_unique_verified_match","2026-09-29T15:13:02.930185+00:00","no_unique_verified_match","2026-09-29T15:18:04.041003+00:00","no_unique_verified_match"
"2026-09-30T06:15:20Z","bus_terminal","data_go_kr_tago","intercity","NAI5302001","통영터미널","경상남도","incomplete_page","2026-09-29T15:13:03.041815+00:00","incomplete_page","2026-09-29T15:18:04.352038+00:00","incomplete_page"
"2026-09-30T06:15:20Z","bus_terminal","data_go_kr_tago","intercity","NAI5325101","거제(고현)","경상남도","no_unique_verified_match","2026-09-29T15:13:03.173406+00:00","no_unique_verified_match","2026-09-29T15:18:04.654801+00:00","no_unique_verified_match"
"2026-09-30T06:15:20Z","bus_terminal","data_go_kr_tago","intercity","NAI5331601","장승포","경상남도","no_unique_verified_match","2026-09-29T15:13:03.388268+00:00","no_unique_verified_match","2026-09-29T15:18:05.349999+00:00","no_unique_verified_match"
"2026-09-30T06:15:20Z","bus_terminal","data_go_kr_tago","intercity","NAI5403701","군산","전라북도","no_unique_verified_match","2026-09-29T15:13:03.44462+00:00","no_unique_verified_match","2026-09-29T15:18:05.98017+00:00","no_unique_verified_match"
"2026-09-30T06:15:20Z","bus_terminal","data_go_kr_tago","intercity","NAI5437901","김제","전라북도","no_unique_verified_match","2026-09-29T15:13:03.500678+00:00","no_unique_verified_match","2026-09-29T15:18:06.595016+00:00","no_unique_verified_match"
"2026-09-30T06:15:20Z","bus_terminal","data_go_kr_tago","intercity","NAI5467401","익산","전라북도","no_unique_verified_match","2026-09-29T15:13:03.554174+00:00","no_unique_verified_match","2026-09-29T15:18:07.182335+00:00","no_unique_verified_match"
"2026-09-30T06:15:20Z","bus_terminal","data_go_kr_tago","intercity","NAI5493301","전주시외터미널","전라북도","no_unique_verified_match","2026-09-29T15:13:03.66865+00:00","no_unique_verified_match","2026-09-29T15:18:07.779445+00:00","no_unique_verified_match"
"2026-09-30T06:15:20Z","bus_terminal","data_go_kr_tago","intercity","NAI5493401","대한리무진(전주)","전라북도","no_unique_verified_match","2026-09-29T15:13:03.745766+00:00","no_unique_verified_match","2026-09-29T15:18:08.336007+00:00","no_unique_verified_match"
"2026-09-30T06:15:20Z","bus_terminal","data_go_kr_tago","intercity","NAI5506901","전주대","전라북도","no_unique_verified_match","2026-09-29T15:13:03.86546+00:00","no_unique_verified_match","2026-09-29T15:18:09.922707+00:00","no_unique_verified_match"
"2026-09-30T06:15:20Z","bus_terminal","data_go_kr_tago","intercity","NAI5533801","우석대","전라북도","no_unique_verified_match","2026-09-29T15:13:03.97453+00:00","no_unique_verified_match","2026-09-29T15:18:10.606945+00:00","no_unique_verified_match"
"2026-09-30T06:15:20Z","bus_terminal","data_go_kr_tago","intercity","NAI5535901","장신대","전라북도","no_unique_verified_match","2026-09-29T15:13:04.072847+00:00","no_unique_verified_match","2026-09-29T15:18:11.020013+00:00","no_unique_verified_match"
"2026-09-30T06:15:20Z","bus_terminal","data_go_kr_tago","intercity","NAI5551501","무주","전라북도","no_unique_verified_match","2026-09-29T15:13:04.172527+00:00","no_unique_verified_match","2026-09-29T15:18:11.598574+00:00","no_unique_verified_match"
"2026-09-30T06:15:20Z","bus_terminal","data_go_kr_tago","intercity","NAI5555701","구천동","전라북도","no_unique_verified_match","2026-09-29T15:13:04.231402+00:00","no_unique_verified_match","2026-09-29T15:18:12.434556+00:00","no_unique_verified_match"
"2026-09-30T06:15:20Z","bus_terminal","data_go_kr_tago","intercity","NAI5563201","장수","전라북도","no_unique_verified_match","2026-09-29T15:13:04.34008+00:00","no_unique_verified_match","2026-09-29T15:18:13.178909+00:00","no_unique_verified_match"
"2026-09-30T06:15:20Z","bus_terminal","data_go_kr_tago","intercity","NAI5571501","인월","전라북도","no_unique_verified_match","2026-09-29T15:13:04.45137+00:00","no_unique_verified_match","2026-09-29T15:18:13.923437+00:00","no_unique_verified_match"
"2026-09-30T06:15:20Z","bus_terminal","data_go_kr_tago","intercity","NAI5576001","남원","전라북도","no_unique_verified_match","2026-09-29T15:13:04.505519+00:00","no_unique_verified_match","2026-09-29T15:18:14.627105+00:00","no_unique_verified_match"
"2026-09-30T06:15:20Z","bus_terminal","data_go_kr_tago","intercity","NAI5592801","임실","전라북도","no_unique_verified_match","2026-09-29T15:13:04.557716+00:00","no_unique_verified_match","2026-09-29T15:18:16.046476+00:00","no_unique_verified_match"
"2026-09-30T06:15:20Z","bus_terminal","data_go_kr_tago","intercity","NAI5593901","강진(전북)","전라북도","no_unique_verified_match","2026-09-29T15:13:04.606572+00:00","no_unique_verified_match","2026-09-29T15:18:16.437988+00:00","no_unique_verified_match"
"2026-09-30T06:15:20Z","bus_terminal","data_go_kr_tago","intercity","NAI5602002","강천사","전라북도","no_unique_verified_match","2026-09-29T15:13:04.65925+00:00","no_unique_verified_match","2026-09-29T15:18:16.839645+00:00","no_unique_verified_match"
"2026-09-30T06:15:20Z","bus_terminal","data_go_kr_tago","intercity","NAI5603501","순창","전라북도","no_unique_verified_match","2026-09-29T15:13:04.711224+00:00","no_unique_verified_match","2026-09-29T15:18:17.244642+00:00","no_unique_verified_match"
"2026-09-30T06:15:20Z","bus_terminal","data_go_kr_tago","intercity","NAI5610601","신태인","전라북도","no_unique_verified_match","2026-09-29T15:13:04.932758+00:00","no_unique_verified_match","2026-09-29T15:18:17.658696+00:00","no_unique_verified_match"
"2026-09-30T06:15:20Z","bus_terminal","data_go_kr_tago","intercity","NAI5615801","정읍","전라북도","no_unique_verified_match","2026-09-29T15:13:05.043702+00:00","no_unique_verified_match","2026-09-29T15:18:18.4767+00:00","no_unique_verified_match"
"2026-09-30T06:15:20Z","bus_terminal","data_go_kr_tago","intercity","NAI5630801","부안","전라북도","no_unique_verified_match","2026-09-29T15:13:05.104075+00:00","no_unique_verified_match","2026-09-29T15:18:19.105947+00:00","no_unique_verified_match"
"2026-09-30T06:15:20Z","bus_terminal","data_go_kr_tago","intercity","NAI5632601","줄포","전라북도","no_unique_verified_match","2026-09-29T15:13:05.267485+00:00","no_unique_verified_match","2026-09-29T15:18:19.807009+00:00","no_unique_verified_match"
"2026-09-30T06:15:20Z","bus_terminal","data_go_kr_tago","intercity","NAI5633701","격포","전라북도","no_unique_verified_match","2026-09-29T15:13:05.377019+00:00","no_unique_verified_match","2026-09-29T15:18:20.525553+00:00","no_unique_verified_match"
"2026-09-30T06:15:20Z","bus_terminal","data_go_kr_tago","intercity","NAI5641501","흥덕","전라북도","no_unique_verified_match","2026-09-29T15:13:05.483011+00:00","no_unique_verified_match","2026-09-29T15:18:21.23954+00:00","no_unique_verified_match"
"2026-09-30T06:15:20Z","bus_terminal","data_go_kr_tago","intercity","NAI5643301","고창","전라북도","no_unique_verified_match","2026-09-29T15:13:05.620583+00:00","incomplete_page","2026-09-29T15:18:21.669651+00:00","incomplete_page"
"2026-09-30T06:15:20Z","bus_terminal","data_go_kr_tago","intercity","NAI5704301","영광","전라남도","no_unique_verified_match","2026-09-29T15:13:05.886132+00:00","no_unique_verified_match","2026-09-29T15:18:22.468553+00:00","no_unique_verified_match"
"2026-09-30T06:15:20Z","bus_terminal","data_go_kr_tago","intercity","NAI5711701","문장","전라남도","no_unique_verified_match","2026-09-29T15:13:05.979337+00:00","no_unique_verified_match","2026-09-29T15:18:23.288298+00:00","no_unique_verified_match"
"2026-09-30T06:15:20Z","bus_terminal","data_go_kr_tago","intercity","NAI5715301","함평","전라남도","no_unique_verified_match","2026-09-29T15:13:06.041316+00:00","no_unique_verified_match","2026-09-29T15:18:24.064434+00:00","no_unique_verified_match"
"2026-09-30T06:15:20Z","bus_terminal","data_go_kr_tago","intercity","NAI5720101","장성사거리","전라남도","no_unique_verified_match","2026-09-29T15:13:06.088979+00:00","no_unique_verified_match","2026-09-29T15:18:24.859473+00:00","no_unique_verified_match"
"2026-09-30T06:15:20Z","bus_terminal","data_go_kr_tago","intercity","NAI5734401","담양","전라남도","no_unique_verified_match","2026-09-29T15:13:06.208552+00:00","no_unique_verified_match","2026-09-29T15:18:25.76296+00:00","no_unique_verified_match"
"2026-09-30T06:15:20Z","bus_terminal","data_go_kr_tago","intercity","NAI5760601","노고단(성삼재)","전라남도","no_unique_verified_match","2026-09-29T15:13:06.303698+00:00","no_unique_verified_match","2026-09-29T15:18:26.51502+00:00","no_unique_verified_match"
"2026-09-30T06:15:20Z","bus_terminal","data_go_kr_tago","intercity","NAI5761601","화엄사","전라남도","no_unique_verified_match","2026-09-29T15:13:06.362112+00:00","no_unique_verified_match","2026-09-29T15:18:26.941542+00:00","no_unique_verified_match"
"2026-09-30T06:15:20Z","bus_terminal","data_go_kr_tago","intercity","NAI5765401","구례","전라남도","no_unique_verified_match","2026-09-29T15:13:06.423796+00:00","no_unique_verified_match","2026-09-29T15:18:27.330342+00:00","no_unique_verified_match"
"2026-09-30T06:15:20Z","bus_terminal","data_go_kr_tago","intercity","NAI5778701","동광양(중마)","전라남도","no_unique_verified_match","2026-09-29T15:13:06.521793+00:00","no_unique_verified_match","2026-09-29T15:18:27.7809+00:00","no_unique_verified_match"
"2026-09-30T06:15:20Z","bus_terminal","data_go_kr_tago","intercity","NAI5791001","광천(전남)","전라남도","no_unique_verified_match","2026-09-29T15:13:06.58495+00:00","no_unique_verified_match","2026-09-29T15:18:28.128693+00:00","no_unique_verified_match"
"2026-09-30T06:15:20Z","bus_terminal","data_go_kr_tago","intercity","NAI5791301","송광사","전라남도","no_unique_verified_match","2026-09-29T15:13:06.637449+00:00","no_unique_verified_match","2026-09-29T15:18:28.922947+00:00","no_unique_verified_match"
"2026-09-30T06:15:20Z","bus_terminal","data_go_kr_tago","intercity","NAI5794001","순천북부","전라남도","no_unique_verified_match","2026-09-29T15:13:06.69637+00:00","no_unique_verified_match","2026-09-29T15:18:29.918963+00:00","no_unique_verified_match"
"2026-09-30T06:15:20Z","bus_terminal","data_go_kr_tago","intercity","NAI5812001","화순","전라남도","no_unique_verified_match","2026-09-29T15:13:06.803662+00:00","no_unique_verified_match","2026-09-29T15:18:30.589061+00:00","no_unique_verified_match"
"2026-09-30T06:15:20Z","bus_terminal","data_go_kr_tago","intercity","NAI5815301","능주","전라남도","no_unique_verified_match","2026-09-29T15:13:06.867829+00:00","no_unique_verified_match","2026-09-29T15:18:31.073032+00:00","no_unique_verified_match"
"2026-09-30T06:15:20Z","bus_terminal","data_go_kr_tago","intercity","NAI5821701","나주혁신도시","전라남도","no_unique_verified_match","2026-09-29T15:13:06.98571+00:00","no_unique_verified_match","2026-09-29T15:18:31.504807+00:00","no_unique_verified_match"
"2026-09-30T06:15:20Z","bus_terminal","data_go_kr_tago","intercity","NAI5842701","시종","전라남도","no_unique_verified_match","2026-09-29T15:13:07.110206+00:00","no_unique_verified_match","2026-09-29T15:18:31.995045+00:00","no_unique_verified_match"
"2026-09-30T06:15:20Z","bus_terminal","data_go_kr_tago","intercity","NAI5855401","목포대","전라남도","no_unique_verified_match","2026-09-29T15:13:07.385744+00:00","no_unique_verified_match","2026-09-29T15:18:32.53101+00:00","no_unique_verified_match"
"2026-09-30T06:15:20Z","bus_terminal","data_go_kr_tago","intercity","NAI5856701","남악","전라남도","no_unique_verified_match","2026-09-29T15:13:07.435135+00:00","no_unique_verified_match","2026-09-29T15:18:33.018099+00:00","no_unique_verified_match"
"2026-09-30T06:15:20Z","bus_terminal","data_go_kr_tago","intercity","NAI5880301","임자(대광)","전라남도","no_unique_verified_match","2026-09-29T15:13:07.553573+00:00","no_unique_verified_match","2026-09-29T15:18:33.408987+00:00","no_unique_verified_match"
"2026-09-30T06:15:20Z","bus_terminal","data_go_kr_tago","intercity","NAI5892201","진도","전라남도","no_unique_verified_match","2026-09-29T15:13:07.61126+00:00","no_unique_verified_match","2026-09-29T15:18:33.858652+00:00","no_unique_verified_match"
"2026-09-30T06:15:20Z","bus_terminal","data_go_kr_tago","intercity","NAI5893607","쏠비치 진도","전라남도","no_unique_verified_match","2026-09-29T15:13:07.661829+00:00","no_unique_verified_match","2026-09-29T15:18:34.477865+00:00","no_unique_verified_match"
"2026-09-30T06:15:20Z","bus_terminal","data_go_kr_tago","intercity","NAI5894507","진도항","전라남도","no_unique_verified_match","2026-09-29T15:13:07.721466+00:00","no_unique_verified_match","2026-09-29T15:18:35.262048+00:00","no_unique_verified_match"
"2026-09-30T06:15:20Z","bus_terminal","data_go_kr_tago","intercity","NAI5906502","땅끝","전라남도","no_unique_verified_match","2026-09-29T15:13:07.839058+00:00","no_unique_verified_match","2026-09-29T15:18:36.191476+00:00","no_unique_verified_match"
"2026-09-30T06:15:20Z","bus_terminal","data_go_kr_tago","intercity","NAI5911401","완도","전라남도","no_unique_verified_match","2026-09-29T15:13:07.90784+00:00","no_unique_verified_match","2026-09-29T15:18:36.614671+00:00","no_unique_verified_match"
"2026-09-30T06:15:20Z","bus_terminal","data_go_kr_tago","intercity","NAI5913001","고금","전라남도","no_unique_verified_match","2026-09-29T15:13:08.064653+00:00","no_unique_verified_match","2026-09-29T15:18:36.909645+00:00","no_unique_verified_match"
"2026-09-30T06:15:20Z","bus_terminal","data_go_kr_tago","intercity","NAI5913601","당목","전라남도","no_unique_verified_match","2026-09-29T15:13:08.119191+00:00","no_unique_verified_match","2026-09-29T15:18:37.522515+00:00","no_unique_verified_match"
"2026-09-30T06:15:20Z","bus_terminal","data_go_kr_tago","intercity","NAI5923401","강진","전라남도","no_unique_verified_match","2026-09-29T15:13:08.259752+00:00","no_unique_verified_match","2026-09-29T15:18:38.240785+00:00","no_unique_verified_match"
"2026-09-30T06:15:20Z","bus_terminal","data_go_kr_tago","intercity","NAI5924807","전남인재개발원","전라남도","no_unique_verified_match","2026-09-29T15:13:08.316292+00:00","no_unique_verified_match","2026-09-29T15:18:38.954581+00:00","no_unique_verified_match"
"2026-09-30T06:15:20Z","bus_terminal","data_go_kr_tago","intercity","NAI5926901","마량","전라남도","no_unique_verified_match","2026-09-29T15:13:08.386449+00:00","no_unique_verified_match","2026-09-29T15:18:39.621091+00:00","no_unique_verified_match"
"2026-09-30T06:15:20Z","bus_terminal","data_go_kr_tago","intercity","NAI5942301","벌교","전라남도","no_unique_verified_match","2026-09-29T15:13:08.554386+00:00","no_unique_verified_match","2026-09-29T15:18:40.286855+00:00","no_unique_verified_match"
"2026-09-30T06:15:20Z","bus_terminal","data_go_kr_tago","intercity","NAI5947101","율포(전남)","전라남도","no_unique_verified_match","2026-09-29T15:13:08.654178+00:00","no_unique_verified_match","2026-09-29T15:18:40.901234+00:00","no_unique_verified_match"
"2026-09-30T06:15:20Z","bus_terminal","data_go_kr_tago","intercity","NAI5954001","고흥","전라남도","no_unique_verified_match","2026-09-29T15:13:08.848274+00:00","no_unique_verified_match","2026-09-29T15:18:41.206995+00:00","no_unique_verified_match"
"2026-09-30T06:15:20Z","bus_terminal","data_go_kr_tago","intercity","NAI5955501","녹동","전라남도","no_unique_verified_match","2026-09-29T15:13:08.90559+00:00","no_unique_verified_match","2026-09-29T15:18:41.563519+00:00","no_unique_verified_match"
"2026-09-30T06:15:20Z","bus_terminal","data_go_kr_tago","intercity","NAI5956001","녹동신항","전라남도","no_unique_verified_match","2026-09-29T15:13:08.981336+00:00","no_unique_verified_match","2026-09-29T15:18:41.871296+00:00","no_unique_verified_match"
"2026-09-30T06:15:20Z","bus_terminal","data_go_kr_tago","intercity","NAI5956101","소록도","전라남도","no_unique_verified_match","2026-09-29T15:13:09.049833+00:00","no_unique_verified_match","2026-09-29T15:18:42.235007+00:00","no_unique_verified_match"
"2026-09-30T06:15:20Z","bus_terminal","data_go_kr_tago","intercity","NAI5956901","나로도","전라남도","no_unique_verified_match","2026-09-29T15:13:09.114483+00:00","no_unique_verified_match","2026-09-29T15:18:42.538182+00:00","no_unique_verified_match"
"2026-09-30T06:15:20Z","bus_terminal","data_go_kr_tago","intercity","NAI6193701","광주(유·스퀘어)","광주광역시","no_unique_verified_match","2026-09-29T15:13:09.335692+00:00","no_unique_verified_match","2026-09-29T15:18:43.256279+00:00","no_unique_verified_match"
"2026-09-30T06:15:20Z","bus_terminal","data_go_kr_tago","intercity","NAI6314601","제주종합","제주특별자치도","no_unique_verified_match","2026-09-29T15:13:09.406673+00:00","no_unique_verified_match","2026-09-29T15:18:43.978681+00:00","no_unique_verified_match"
"2026-09-30T06:15:20Z","bus_terminal","data_go_kr_tago","intercity","NAI6314801","신제주R(제주)","제주특별자치도","no_unique_verified_match","2026-09-29T15:13:09.460501+00:00","no_unique_verified_match","2026-09-29T15:18:44.689817+00:00","no_unique_verified_match"
"2026-09-30T06:15:20Z","bus_terminal","data_go_kr_tago","intercity","NAI6351904","영어교육도시(제주)","제주특별자치도","no_unique_verified_match","2026-09-29T15:13:09.523808+00:00","no_unique_verified_match","2026-09-29T15:18:45.508741+00:00","no_unique_verified_match"
"2026-09-30T06:15:20Z","bus_terminal","data_go_kr_tago","intercity","NAI6352602","상창사거리(제주)","제주특별자치도","no_unique_verified_match","2026-09-29T15:13:09.591895+00:00","no_unique_verified_match","2026-09-29T15:18:46.330552+00:00","no_unique_verified_match"
"2026-09-30T06:15:20Z","bus_terminal","data_go_kr_tago","intercity","NAI6354004","회수사거리(제주)","제주특별자치도","no_unique_verified_match","2026-09-29T15:13:09.668129+00:00","no_unique_verified_match","2026-09-29T15:18:46.858461+00:00","no_unique_verified_match"
"2026-09-30T06:15:20Z","bus_terminal","data_go_kr_tago","intercity","NAI6355601","농업기술원(제주)","제주특별자치도","no_unique_verified_match","2026-09-29T15:13:09.740548+00:00","no_unique_verified_match","2026-09-29T15:18:47.455633+00:00","no_unique_verified_match"
"2026-09-30T06:15:20Z","bus_terminal","data_go_kr_tago","intercity","NAI6355803","강창학종합경기장(제주)","제주특별자치도","no_unique_verified_match","2026-09-29T15:13:09.907301+00:00","no_unique_verified_match","2026-09-29T15:18:47.81098+00:00","no_unique_verified_match"
"2026-09-30T06:15:20Z","bus_terminal","data_go_kr_tago","intercity","NAI6356802","LH 1,2단지(제주)","제주특별자치도","no_unique_verified_match","2026-09-29T15:13:10.013645+00:00","no_unique_verified_match","2026-09-29T15:18:48.579657+00:00","no_unique_verified_match"
"2026-09-30T06:15:20Z","bus_terminal","data_go_kr_tago","intercity","NAI6362001","남원체육관(봉개)","제주특별자치도","no_unique_verified_match","2026-09-29T15:13:10.083665+00:00","no_unique_verified_match","2026-09-29T15:18:49.29743+00:00","no_unique_verified_match"
"2026-09-30T06:15:20Z","bus_terminal","data_go_kr_tago","intercity","NAI6362004","금호리조트(교래)","제주특별자치도","no_unique_verified_match","2026-09-29T15:13:10.158984+00:00","no_unique_verified_match","2026-09-29T15:18:49.916253+00:00","no_unique_verified_match"
"2026-09-30T06:15:20Z","bus_terminal","data_go_kr_tago","intercity","NAI9990037","교래 - 성산항","제주특별자치도","no_unique_verified_match","2026-09-29T15:13:10.231254+00:00","no_unique_verified_match","2026-09-29T15:18:50.270897+00:00","no_unique_verified_match"
"2026-09-30T06:15:20Z","ferry_port","data_go_kr_maritime","","SEA10010","소청도","","no_unique_verified_match","2026-09-29T15:10:46.781094+00:00","no_unique_verified_match","2026-09-29T15:13:44.938259+00:00","no_unique_verified_match"
"2026-09-30T06:15:20Z","ferry_port","data_go_kr_maritime","","SEA10020","대청도","","no_unique_verified_match","2026-09-29T15:10:46.891123+00:00","no_unique_verified_match","2026-09-29T15:13:45.662097+00:00","no_unique_verified_match"
"2026-09-30T06:15:20Z","ferry_port","data_go_kr_maritime","","SEA10030","백령도","","no_unique_verified_match","2026-09-29T15:10:47.002223+00:00","no_unique_verified_match","2026-09-29T15:13:46.246834+00:00","no_unique_verified_match"
"2026-09-30T06:15:20Z","ferry_port","data_go_kr_maritime","","SEA10040","소연평","","no_unique_verified_match","2026-09-29T15:10:47.546281+00:00","no_unique_verified_match","2026-09-29T15:13:46.751921+00:00","no_unique_verified_match"
"2026-09-30T06:15:20Z","ferry_port","data_go_kr_maritime","","SEA10061","풍도_가족","","not_searched","","not_searched","","excluded_composite_name"
"2026-09-30T06:15:20Z","ferry_port","data_go_kr_maritime","","SEA10070","육도","","not_searched","","not_searched","","excluded_duplicate_name"
"2026-09-30T06:15:20Z","ferry_port","data_go_kr_maritime","","SEA10080","대난지도","","no_unique_verified_match","2026-09-29T15:11:09.009601+00:00","no_unique_verified_match","2026-09-29T15:14:17.370201+00:00","no_unique_verified_match"
"2026-09-30T06:15:20Z","ferry_port","data_go_kr_maritime","","SEA10090","제주도","","no_unique_verified_match","2026-09-29T15:13:03.926032+00:00","incomplete_page","2026-09-29T15:18:56.88197+00:00","incomplete_page"
"2026-09-30T06:15:20Z","ferry_port","data_go_kr_maritime","","SEA10101","인천(도착)","","no_unique_verified_match","2026-09-29T15:10:47.75655+00:00","no_unique_verified_match","2026-09-29T15:13:47.891648+00:00","no_unique_verified_match"
"2026-09-30T06:15:20Z","ferry_port","data_go_kr_maritime","","SEA10110","덕적도_진리","","not_searched","","not_searched","","excluded_composite_name"
"2026-09-30T06:15:20Z","ferry_port","data_go_kr_maritime","","SEA10111","덕적도_북리","","not_searched","","not_searched","","excluded_composite_name"
"2026-09-30T06:15:20Z","ferry_port","data_go_kr_maritime","","SEA10112","덕적도_서포리","","not_searched","","not_searched","","excluded_composite_name"
"2026-09-30T06:15:20Z","ferry_port","data_go_kr_maritime","","SEA10113","덕적_외곽","","not_searched","","not_searched","","excluded_composite_name"
"2026-09-30T06:15:20Z","ferry_port","data_go_kr_maritime","","SEA10130","자월도","","no_unique_verified_match","2026-09-29T15:10:48.332743+00:00","no_unique_verified_match","2026-09-29T15:13:49.685107+00:00","no_unique_verified_match"
"2026-09-30T06:15:20Z","ferry_port","data_go_kr_maritime","","SEA10140","소이작도","","no_unique_verified_match","2026-09-29T15:10:48.527268+00:00","no_unique_verified_match","2026-09-29T15:13:50.207826+00:00","no_unique_verified_match"
"2026-09-30T06:15:20Z","ferry_port","data_go_kr_maritime","","SEA10150","이작도","","no_unique_verified_match","2026-09-29T15:10:51.304571+00:00","no_unique_verified_match","2026-09-29T15:13:50.710288+00:00","no_unique_verified_match"
"2026-09-30T06:15:20Z","ferry_port","data_go_kr_maritime","","SEA10160","승봉도","","no_unique_verified_match","2026-09-29T15:10:51.870611+00:00","no_unique_verified_match","2026-09-29T15:13:50.971103+00:00","no_unique_verified_match"
"2026-09-30T06:15:20Z","ferry_port","data_go_kr_maritime","","SEA10170","무의도","","no_unique_verified_match","2026-09-29T15:10:52.433393+00:00","no_unique_verified_match","2026-09-29T15:13:51.31366+00:00","no_unique_verified_match"
"2026-09-30T06:15:20Z","ferry_port","data_go_kr_maritime","","SEA10180","작약도","","no_unique_verified_match","2026-09-29T15:10:52.534357+00:00","no_unique_verified_match","2026-09-29T15:13:51.841997+00:00","no_unique_verified_match"
"2026-09-30T06:15:20Z","ferry_port","data_go_kr_maritime","","SEA10190","대이작도","","no_unique_verified_match","2026-09-29T15:10:52.995961+00:00","no_unique_verified_match","2026-09-29T15:13:52.368981+00:00","no_unique_verified_match"
"2026-09-30T06:15:20Z","ferry_port","data_go_kr_maritime","","SEA10200","영흥면","","no_unique_verified_match","2026-09-29T15:10:55.219372+00:00","no_unique_verified_match","2026-09-29T15:13:52.866701+00:00","no_unique_verified_match"
"2026-09-30T06:15:20Z","ferry_port","data_go_kr_maritime","","SEA10300","반달섬","","no_unique_verified_match","2026-09-29T15:11:06.160783+00:00","no_unique_verified_match","2026-09-29T15:14:13.40653+00:00","no_unique_verified_match"
"2026-09-30T06:15:20Z","ferry_port","data_go_kr_maritime","","SEA10630","입파도","","no_unique_verified_match","2026-09-29T15:11:07.287822+00:00","no_unique_verified_match","2026-09-29T15:14:14.084346+00:00","no_unique_verified_match"
"2026-09-30T06:15:20Z","ferry_port","data_go_kr_maritime","","SEA21110","대부도","","no_unique_verified_match","2026-09-29T15:11:07.349862+00:00","no_unique_verified_match","2026-09-29T15:14:14.372861+00:00","no_unique_verified_match"
"2026-09-30T06:15:20Z","ferry_port","data_go_kr_maritime","","SEA21111","대부(도착)","","no_unique_verified_match","2026-09-29T15:11:07.672945+00:00","no_unique_verified_match","2026-09-29T15:14:14.92861+00:00","no_unique_verified_match"
"2026-09-30T06:15:20Z","ferry_port","data_go_kr_maritime","","SEA22011","대천_순회","","not_searched","","not_searched","","excluded_composite_name"
"2026-09-30T06:15:20Z","ferry_port","data_go_kr_maritime","","SEA22030","당진","","incomplete_page","2026-09-29T15:11:09.379189+00:00","incomplete_page","2026-09-29T15:14:18.192365+00:00","incomplete_page"
"2026-09-30T06:15:20Z","ferry_port","data_go_kr_maritime","","SEA22040","평택","","incomplete_page","2026-09-29T15:11:09.635191+00:00","incomplete_page","2026-09-29T15:14:18.710013+00:00","incomplete_page"
"2026-09-30T06:15:20Z","ferry_port","data_go_kr_maritime","","SEA22170","구도_서산시","","not_searched","","not_searched","","excluded_composite_name"
"2026-09-30T06:15:20Z","ferry_port","data_go_kr_maritime","","SEA22250","소난지도","","no_unique_verified_match","2026-09-29T15:11:10.812638+00:00","no_unique_verified_match","2026-09-29T15:14:20.023586+00:00","no_unique_verified_match"
"2026-09-30T06:15:20Z","ferry_port","data_go_kr_maritime","","SEA22290","안면도","","no_unique_verified_match","2026-09-29T15:11:11.140266+00:00","incomplete_page","2026-09-29T15:14:21.109803+00:00","incomplete_page"
"2026-09-30T06:15:20Z","ferry_port","data_go_kr_maritime","","SEA22291","안면_영목","","not_searched","","not_searched","","excluded_composite_name"
"2026-09-30T06:15:20Z","ferry_port","data_go_kr_maritime","","SEA22331","안흥_외항","","not_searched","","not_searched","","excluded_composite_name"
"2026-09-30T06:15:20Z","ferry_port","data_go_kr_maritime","","SEA22350","오천","","no_unique_verified_match","2026-09-29T15:11:11.785011+00:00","incomplete_page","2026-09-29T15:14:22.170529+00:00","incomplete_page"
"2026-09-30T06:15:20Z","ferry_port","data_go_kr_maritime","","SEA22391","원산_초전","","not_searched","","not_searched","","excluded_composite_name"
"2026-09-30T06:15:20Z","ferry_port","data_go_kr_maritime","","SEA22392","원산_저두","","not_searched","","not_searched","","excluded_composite_name"
"2026-09-30T06:15:20Z","ferry_port","data_go_kr_maritime","","SEA22393","원산_선촌","","not_searched","","not_searched","","excluded_composite_name"
"2026-09-30T06:15:20Z","ferry_port","data_go_kr_maritime","","SEA22430","유부도","","no_unique_verified_match","2026-09-29T15:11:13.222909+00:00","no_unique_verified_match","2026-09-29T15:14:24.308323+00:00","no_unique_verified_match"
"2026-09-30T06:15:20Z","ferry_port","data_go_kr_maritime","","SEA22490","장항","","incomplete_page","2026-09-29T15:11:13.630549+00:00","incomplete_page","2026-09-29T15:14:24.560313+00:00","incomplete_page"
"2026-09-30T06:15:20Z","ferry_port","data_go_kr_maritime","","SEA22510","추도_보령시","","not_searched","","not_searched","","excluded_composite_name"
"2026-09-30T06:15:20Z","ferry_port","data_go_kr_maritime","","SEA22600","남당","","no_unique_verified_match","2026-09-29T15:11:16.459921+00:00","incomplete_page","2026-09-29T15:14:26.377818+00:00","incomplete_page"
"2026-09-30T06:15:20Z","ferry_port","data_go_kr_maritime","","SEA22650","죽도_홍성군","","not_searched","","not_searched","","excluded_composite_name"
"2026-09-30T06:15:20Z","ferry_port","data_go_kr_maritime","","SEA22700","당진_장고","","not_searched","","not_searched","","excluded_composite_name"
"2026-09-30T06:15:20Z","ferry_port","data_go_kr_maritime","","SEA22701","당진_장고(순회)","","not_searched","","not_searched","","excluded_composite_name"
"2026-09-30T06:15:20Z","ferry_port","data_go_kr_maritime","","SEA30011","군산_외항","","not_searched","","not_searched","","excluded_composite_name"
"2026-09-30T06:15:20Z","ferry_port","data_go_kr_maritime","","SEA30012","군산_순회","","not_searched","","not_searched","","excluded_composite_name"
"2026-09-30T06:15:20Z","ferry_port","data_go_kr_maritime","","SEA30110","개야도","","no_unique_verified_match","2026-09-29T15:12:07.490162+00:00","no_unique_verified_match","2026-09-29T15:15:28.853078+00:00","no_unique_verified_match"
"2026-09-30T06:15:20Z","ferry_port","data_go_kr_maritime","","SEA30130","거륜도","","no_unique_verified_match","2026-09-29T15:12:08.326003+00:00","no_unique_verified_match","2026-09-29T15:15:29.813285+00:00","no_unique_verified_match"
"2026-09-30T06:15:20Z","ferry_port","data_go_kr_maritime","","SEA30170","말도_군산시","","not_searched","","not_searched","","excluded_composite_name"
"2026-09-30T06:15:20Z","ferry_port","data_go_kr_maritime","","SEA30291","선유도(망주봉)","","no_unique_verified_match","2026-09-29T15:12:10.367996+00:00","no_unique_verified_match","2026-09-29T15:15:33.758553+00:00","no_unique_verified_match"
"2026-09-30T06:15:20Z","ferry_port","data_go_kr_maritime","","SEA30390","연도_군산시","","not_searched","","not_searched","","excluded_composite_name"
"2026-09-30T06:15:20Z","ferry_port","data_go_kr_maritime","","SEA30411","위도_파장금","","not_searched","","not_searched","","excluded_composite_name"
"2026-09-30T06:15:20Z","ferry_port","data_go_kr_maritime","","SEA30412","위도_벌금","","not_searched","","not_searched","","excluded_composite_name"
"2026-09-30T06:15:20Z","ferry_port","data_go_kr_maritime","","SEA30450","죽도_군산시","","not_searched","","not_searched","","excluded_composite_name"
"2026-09-30T06:15:20Z","ferry_port","data_go_kr_maritime","","SEA30470","하왕등도","","no_unique_verified_match","2026-09-29T15:12:12.112256+00:00","no_unique_verified_match","2026-09-29T15:15:36.489922+00:00","no_unique_verified_match"
"2026-09-30T06:15:20Z","ferry_port","data_go_kr_maritime","","SEA31010","목포","","no_unique_verified_match","2026-09-29T15:12:12.575891+00:00","incomplete_page","2026-09-29T15:15:39.49811+00:00","incomplete_page"
"2026-09-30T06:15:20Z","ferry_port","data_go_kr_maritime","","SEA31011","목포_순회","","not_searched","","not_searched","","excluded_composite_name"
"2026-09-30T06:15:20Z","ferry_port","data_go_kr_maritime","","SEA31012","목포국제","","not_searched","","not_searched","","excluded_duplicate_name"
"2026-09-30T06:15:20Z","ferry_port","data_go_kr_maritime","","SEA31013","목포삼학","","no_unique_verified_match","2026-09-29T15:12:12.863155+00:00","incomplete_page","2026-09-29T15:15:41.223446+00:00","incomplete_page"
"2026-09-30T06:15:20Z","ferry_port","data_go_kr_maritime","","SEA31021","완도(순회)","","no_unique_verified_match","2026-09-29T15:12:13.163654+00:00","no_unique_verified_match","2026-09-29T15:15:41.86501+00:00","no_unique_verified_match"
"2026-09-30T06:15:20Z","ferry_port","data_go_kr_maritime","","SEA31022","완도_화흥포","","not_searched","","not_searched","","excluded_composite_name"
"2026-09-30T06:15:20Z","ferry_port","data_go_kr_maritime","","SEA31110","가란도","","no_unique_verified_match","2026-09-29T15:12:13.480351+00:00","no_unique_verified_match","2026-09-29T15:15:42.875916+00:00","no_unique_verified_match"
"2026-09-30T06:15:20Z","ferry_port","data_go_kr_maritime","","SEA31160","각흘도","","no_unique_verified_match","2026-09-29T15:12:13.711163+00:00","no_unique_verified_match","2026-09-29T15:15:44.203297+00:00","no_unique_verified_match"
"2026-09-30T06:15:20Z","ferry_port","data_go_kr_maritime","","SEA31190","땅끝(갈두)","","no_unique_verified_match","2026-09-29T15:12:13.827642+00:00","no_unique_verified_match","2026-09-29T15:15:44.770691+00:00","no_unique_verified_match"
"2026-09-30T06:15:20Z","ferry_port","data_go_kr_maritime","","SEA31210","갈목도","","no_unique_verified_match","2026-09-29T15:12:13.940208+00:00","no_unique_verified_match","2026-09-29T15:15:45.338573+00:00","no_unique_verified_match"
"2026-09-30T06:15:20Z","ferry_port","data_go_kr_maritime","","SEA31230","개도","","no_unique_verified_match","2026-09-29T15:12:14.28099+00:00","no_unique_verified_match","2026-09-29T15:15:45.861611+00:00","no_unique_verified_match"
"2026-09-30T06:15:20Z","ferry_port","data_go_kr_maritime","","SEA31231","개도_여석","","not_searched","","not_searched","","excluded_composite_name"
"2026-09-30T06:15:20Z","ferry_port","data_go_kr_maritime","","SEA31232","개도_모전","","not_searched","","not_searched","","excluded_composite_name"
"2026-09-30T06:15:20Z","ferry_port","data_go_kr_maritime","","SEA31233","개도_화산","","not_searched","","not_searched","","excluded_composite_name"
"2026-09-30T06:15:20Z","ferry_port","data_go_kr_maritime","","SEA31260","개도-신안군","","no_unique_verified_match","2026-09-29T15:12:14.540016+00:00","no_unique_verified_match","2026-09-29T15:15:47.495007+00:00","no_unique_verified_match"
"2026-09-30T06:15:20Z","ferry_port","data_go_kr_maritime","","SEA31290","거금도","","no_unique_verified_match","2026-09-29T15:12:14.70623+00:00","no_unique_verified_match","2026-09-29T15:15:48.123819+00:00","no_unique_verified_match"
"2026-09-30T06:15:20Z","ferry_port","data_go_kr_maritime","","SEA31330","고금도","","no_unique_verified_match","2026-09-29T15:12:15.170608+00:00","no_unique_verified_match","2026-09-29T15:15:49.273982+00:00","no_unique_verified_match"
"2026-09-30T06:15:20Z","ferry_port","data_go_kr_maritime","","SEA31331","고금_덕동","","not_searched","","not_searched","","excluded_composite_name"
"2026-09-30T06:15:20Z","ferry_port","data_go_kr_maritime","","SEA31332","고금_상정","","not_searched","","not_searched","","excluded_composite_name"
"2026-09-30T06:15:20Z","ferry_port","data_go_kr_maritime","","SEA31360","고이도","","no_unique_verified_match","2026-09-29T15:12:15.681453+00:00","no_unique_verified_match","2026-09-29T15:15:49.893229+00:00","no_unique_verified_match"
"2026-09-30T06:15:20Z","ferry_port","data_go_kr_maritime","","SEA31390","고평사도","","no_unique_verified_match","2026-09-29T15:12:15.886023+00:00","no_unique_verified_match","2026-09-29T15:15:50.473312+00:00","no_unique_verified_match"
"2026-09-30T06:15:20Z","ferry_port","data_go_kr_maritime","","SEA31410","고하도","","no_unique_verified_match","2026-09-29T15:12:16.094441+00:00","no_unique_verified_match","2026-09-29T15:15:51.054984+00:00","no_unique_verified_match"
"2026-09-30T06:15:20Z","ferry_port","data_go_kr_maritime","","SEA31460","관매도","","no_unique_verified_match","2026-09-29T15:12:16.46207+00:00","no_unique_verified_match","2026-09-29T15:15:52.477613+00:00","no_unique_verified_match"
"2026-09-30T06:15:20Z","ferry_port","data_go_kr_maritime","","SEA31490","관사도","","no_unique_verified_match","2026-09-29T15:12:16.706754+00:00","no_unique_verified_match","2026-09-29T15:15:53.194234+00:00","no_unique_verified_match"
"2026-09-30T06:15:20Z","ferry_port","data_go_kr_maritime","","SEA31590","구도_완도군","","not_searched","","not_searched","","excluded_composite_name"
"2026-09-30T06:15:20Z","ferry_port","data_go_kr_maritime","","SEA31610","구룡도","","no_unique_verified_match","2026-09-29T15:12:17.643604+00:00","no_unique_verified_match","2026-09-29T15:15:55.061986+00:00","no_unique_verified_match"
"2026-09-30T06:15:20Z","ferry_port","data_go_kr_maritime","","SEA31630","금당도","","no_unique_verified_match","2026-09-29T15:12:17.867855+00:00","no_unique_verified_match","2026-09-29T15:15:55.718092+00:00","no_unique_verified_match"
"2026-09-30T06:15:20Z","ferry_port","data_go_kr_maritime","","SEA31631","금당(가학)","","no_unique_verified_match","2026-09-29T15:12:17.977123+00:00","no_unique_verified_match","2026-09-29T15:15:56.293975+00:00","no_unique_verified_match"
"2026-09-30T06:15:20Z","ferry_port","data_go_kr_maritime","","SEA31660","금오도","","no_unique_verified_match","2026-09-29T15:12:18.08525+00:00","no_unique_verified_match","2026-09-29T15:15:56.541964+00:00","no_unique_verified_match"
"2026-09-30T06:15:20Z","ferry_port","data_go_kr_maritime","","SEA31661","금오도_직포","","not_searched","","not_searched","","excluded_composite_name"
"2026-09-30T06:15:20Z","ferry_port","data_go_kr_maritime","","SEA31690","금일도","","no_unique_verified_match","2026-09-29T15:12:18.183251+00:00","no_unique_verified_match","2026-09-29T15:15:56.854431+00:00","no_unique_verified_match"
"2026-09-30T06:15:20Z","ferry_port","data_go_kr_maritime","","SEA31691","도장_금일도","","not_searched","","not_searched","","excluded_composite_name"
"2026-09-30T06:15:20Z","ferry_port","data_go_kr_maritime","","SEA31692","화전_금일도","","not_searched","","not_searched","","excluded_composite_name"
"2026-09-30T06:15:20Z","ferry_port","data_go_kr_maritime","","SEA31693","동송_금일도","","not_searched","","not_searched","","excluded_composite_name"
"2026-09-30T06:15:20Z","ferry_port","data_go_kr_maritime","","SEA31731","낭도_규포","","not_searched","","not_searched","","excluded_composite_name"
"2026-09-30T06:15:20Z","ferry_port","data_go_kr_maritime","","SEA31760","내나로도","","no_unique_verified_match","2026-09-29T15:12:18.726208+00:00","no_unique_verified_match","2026-09-29T15:15:58.060248+00:00","no_unique_verified_match"
"2026-09-30T06:15:20Z","ferry_port","data_go_kr_maritime","","SEA31770","애도","","no_unique_verified_match","2026-09-29T15:12:18.841072+00:00","no_unique_verified_match","2026-09-29T15:15:58.37853+00:00","no_unique_verified_match"
"2026-09-30T06:15:20Z","ferry_port","data_go_kr_maritime","","SEA31771","쑥섬","","no_unique_verified_match","2026-09-29T15:12:18.951898+00:00","no_unique_verified_match","2026-09-29T15:15:58.980586+00:00","no_unique_verified_match"
"2026-09-30T06:15:20Z","ferry_port","data_go_kr_maritime","","SEA31790","내병도","","no_unique_verified_match","2026-09-29T15:12:19.044554+00:00","no_unique_verified_match","2026-09-29T15:15:59.288172+00:00","no_unique_verified_match"
"2026-09-30T06:15:20Z","ferry_port","data_go_kr_maritime","","SEA31810","넙도_노화","","not_searched","","not_searched","","excluded_composite_name"
"2026-09-30T06:15:20Z","ferry_port","data_go_kr_maritime","","SEA31830","노력도","","no_unique_verified_match","2026-09-29T15:12:19.251377+00:00","no_unique_verified_match","2026-09-29T15:15:59.555354+00:00","no_unique_verified_match"
"2026-09-30T06:15:20Z","ferry_port","data_go_kr_maritime","","SEA31860","노록도","","no_unique_verified_match","2026-09-29T15:12:19.350703+00:00","no_unique_verified_match","2026-09-29T15:15:59.90995+00:00","no_unique_verified_match"
"2026-09-30T06:15:20Z","ferry_port","data_go_kr_maritime","","SEA31890","노화도","","no_unique_verified_match","2026-09-29T15:12:19.449585+00:00","no_unique_verified_match","2026-09-29T15:16:00.511989+00:00","no_unique_verified_match"
"2026-09-30T06:15:20Z","ferry_port","data_go_kr_maritime","","SEA31891","노화_동천 보길","","not_searched","","not_searched","","excluded_composite_name"
"2026-09-30T06:15:20Z","ferry_port","data_go_kr_maritime","","SEA31892","노화_산양 보길","","not_searched","","not_searched","","excluded_composite_name"
"2026-09-30T06:15:20Z","ferry_port","data_go_kr_maritime","","SEA31893","노화_이목","","not_searched","","not_searched","","excluded_composite_name"
"2026-09-30T06:15:20Z","ferry_port","data_go_kr_maritime","","SEA31894","노화_산양_왕복","","not_searched","","not_searched","","excluded_composite_name"
"2026-09-30T06:15:20Z","ferry_port","data_go_kr_maritime","","SEA31895","노화_이목_왕복","","not_searched","","not_searched","","excluded_composite_name"
"2026-09-30T06:15:20Z","ferry_port","data_go_kr_maritime","","SEA31930","율도_눌도","","not_searched","","not_searched","","excluded_composite_name"
"2026-09-30T06:15:20Z","ferry_port","data_go_kr_maritime","","SEA31960","눌옥도","","not_searched","","not_searched","","excluded_duplicate_name"
"2026-09-30T06:15:20Z","ferry_port","data_go_kr_maritime","","SEA31990","능산도","","no_unique_verified_match","2026-09-29T15:12:19.663193+00:00","no_unique_verified_match","2026-09-29T15:16:03.427015+00:00","no_unique_verified_match"
"2026-09-30T06:15:20Z","ferry_port","data_go_kr_maritime","","SEA32010","다랑도","","no_unique_verified_match","2026-09-29T15:12:19.759745+00:00","no_unique_verified_match","2026-09-29T15:16:04.059191+00:00","no_unique_verified_match"
"2026-09-30T06:15:20Z","ferry_port","data_go_kr_maritime","","SEA32031","다물_대둔","","not_searched","","not_searched","","excluded_composite_name"
"2026-09-30T06:15:20Z","ferry_port","data_go_kr_maritime","","SEA32090","당사도-암태면","","no_unique_verified_match","2026-09-29T15:12:20.187284+00:00","no_unique_verified_match","2026-09-29T15:16:05.86219+00:00","no_unique_verified_match"
"2026-09-30T06:15:20Z","ferry_port","data_go_kr_maritime","","SEA32091","당사도-암태면_순회","","not_searched","","not_searched","","excluded_composite_name"
"2026-09-30T06:15:20Z","ferry_port","data_go_kr_maritime","","SEA32110","당사도-소안면","","no_unique_verified_match","2026-09-29T15:12:20.297045+00:00","no_unique_verified_match","2026-09-29T15:16:06.688582+00:00","no_unique_verified_match"
"2026-09-30T06:15:20Z","ferry_port","data_go_kr_maritime","","SEA32111","당사_등대","","not_searched","","not_searched","","excluded_composite_name"
"2026-09-30T06:15:20Z","ferry_port","data_go_kr_maritime","","SEA32130","대각시도","","no_unique_verified_match","2026-09-29T15:12:20.493634+00:00","no_unique_verified_match","2026-09-29T15:16:07.621975+00:00","no_unique_verified_match"
"2026-09-30T06:15:20Z","ferry_port","data_go_kr_maritime","","SEA32161","대기점도_ 순회","","not_searched","","not_searched","","excluded_composite_name"
"2026-09-30T06:15:20Z","ferry_port","data_go_kr_maritime","","SEA32170","소기점도","","no_unique_verified_match","2026-09-29T15:12:20.91058+00:00","no_unique_verified_match","2026-09-29T15:16:08.899746+00:00","no_unique_verified_match"
"2026-09-30T06:15:20Z","ferry_port","data_go_kr_maritime","","SEA32171","소기점도_ 순회","","not_searched","","not_searched","","excluded_composite_name"
"2026-09-30T06:15:20Z","ferry_port","data_go_kr_maritime","","SEA32210","대마도","","no_unique_verified_match","2026-09-29T15:12:21.321151+00:00","no_unique_verified_match","2026-09-29T15:16:09.847118+00:00","no_unique_verified_match"
"2026-09-30T06:15:20Z","ferry_port","data_go_kr_maritime","","SEA32230","대모도","","no_unique_verified_match","2026-09-29T15:12:21.527938+00:00","no_unique_verified_match","2026-09-29T15:16:10.985852+00:00","no_unique_verified_match"
"2026-09-30T06:15:20Z","ferry_port","data_go_kr_maritime","","SEA32231","대모도_모서","","not_searched","","not_searched","","excluded_composite_name"
"2026-09-30T06:15:20Z","ferry_port","data_go_kr_maritime","","SEA32232","대모도_모동","","not_searched","","not_searched","","excluded_composite_name"
"2026-09-30T06:15:20Z","ferry_port","data_go_kr_maritime","","SEA32260","대석만도","","no_unique_verified_match","2026-09-29T15:12:21.902021+00:00","no_unique_verified_match","2026-09-29T15:16:12.314478+00:00","no_unique_verified_match"
"2026-09-30T06:15:20Z","ferry_port","data_go_kr_maritime","","SEA32390","대흑산도","","no_unique_verified_match","2026-09-29T15:12:22.730405+00:00","no_unique_verified_match","2026-09-29T15:16:14.414243+00:00","no_unique_verified_match"
"2026-09-30T06:15:20Z","ferry_port","data_go_kr_maritime","","SEA32410","덕우도","","no_unique_verified_match","2026-09-29T15:12:23.029624+00:00","no_unique_verified_match","2026-09-29T15:16:15.107541+00:00","no_unique_verified_match"
"2026-09-30T06:15:20Z","ferry_port","data_go_kr_maritime","","SEA32430","도초도","","no_unique_verified_match","2026-09-29T15:12:23.159177+00:00","no_unique_verified_match","2026-09-29T15:16:15.619224+00:00","no_unique_verified_match"
"2026-09-30T06:15:20Z","ferry_port","data_go_kr_maritime","","SEA32431","도초도_편도","","not_searched","","not_searched","","excluded_composite_name"
"2026-09-30T06:15:20Z","ferry_port","data_go_kr_maritime","","SEA32432","도초도(시목)","","no_unique_verified_match","2026-09-29T15:12:23.374543+00:00","no_unique_verified_match","2026-09-29T15:16:16.111002+00:00","no_unique_verified_match"
"2026-09-30T06:15:20Z","ferry_port","data_go_kr_maritime","","SEA32460","독거도","","no_unique_verified_match","2026-09-29T15:12:23.569476+00:00","no_unique_verified_match","2026-09-29T15:16:16.548687+00:00","no_unique_verified_match"
"2026-09-30T06:15:20Z","ferry_port","data_go_kr_maritime","","SEA32490","돌산_신기","","not_searched","","not_searched","","excluded_composite_name"
"2026-09-30T06:15:20Z","ferry_port","data_go_kr_maritime","","SEA32491","돌산(순회)","","no_unique_verified_match","2026-09-29T15:12:23.857567+00:00","no_unique_verified_match","2026-09-29T15:16:17.493031+00:00","no_unique_verified_match"
"2026-09-30T06:15:20Z","ferry_port","data_go_kr_maritime","","SEA32510","동거차도","","no_unique_verified_match","2026-09-29T15:12:23.997677+00:00","no_unique_verified_match","2026-09-29T15:16:17.741628+00:00","no_unique_verified_match"
"2026-09-30T06:15:20Z","ferry_port","data_go_kr_maritime","","SEA32550","지신개","","no_unique_verified_match","2026-09-29T15:12:24.445603+00:00","no_unique_verified_match","2026-09-29T15:16:18.255458+00:00","no_unique_verified_match"
"2026-09-30T06:15:20Z","ferry_port","data_go_kr_maritime","","SEA32560","동소우이도","","no_unique_verified_match","2026-09-29T15:12:24.579676+00:00","no_unique_verified_match","2026-09-29T15:16:18.873821+00:00","no_unique_verified_match"
"2026-09-30T06:15:20Z","ferry_port","data_go_kr_maritime","","SEA32590","동화도","","no_unique_verified_match","2026-09-29T15:12:24.79797+00:00","no_unique_verified_match","2026-09-29T15:16:19.133577+00:00","no_unique_verified_match"
"2026-09-30T06:15:20Z","ferry_port","data_go_kr_maritime","","SEA32610","둔병도","","no_unique_verified_match","2026-09-29T15:12:24.921736+00:00","no_unique_verified_match","2026-09-29T15:16:19.795022+00:00","no_unique_verified_match"
"2026-09-30T06:15:20Z","ferry_port","data_go_kr_maritime","","SEA32660","마산도","","no_unique_verified_match","2026-09-29T15:12:25.147069+00:00","no_unique_verified_match","2026-09-29T15:16:21.021682+00:00","no_unique_verified_match"
"2026-09-30T06:15:20Z","ferry_port","data_go_kr_maritime","","SEA32690","마안도","","no_unique_verified_match","2026-09-29T15:12:25.204252+00:00","no_unique_verified_match","2026-09-29T15:16:21.989727+00:00","no_unique_verified_match"
"2026-09-30T06:15:20Z","ferry_port","data_go_kr_maritime","","SEA32710","마진도","","no_unique_verified_match","2026-09-29T15:12:25.310042+00:00","no_unique_verified_match","2026-09-29T15:16:22.866605+00:00","no_unique_verified_match"
"2026-09-30T06:15:20Z","ferry_port","data_go_kr_maritime","","SEA32730","막금도","","no_unique_verified_match","2026-09-29T15:12:25.416698+00:00","no_unique_verified_match","2026-09-29T15:16:23.590343+00:00","no_unique_verified_match"
"2026-09-30T06:15:20Z","ferry_port","data_go_kr_maritime","","SEA32731","막금(복)","","no_unique_verified_match","2026-09-29T15:12:25.526366+00:00","no_unique_verified_match","2026-09-29T15:16:23.887494+00:00","no_unique_verified_match"
"2026-09-30T06:15:20Z","ferry_port","data_go_kr_maritime","","SEA32790","매월도","","no_unique_verified_match","2026-09-29T15:12:25.832545+00:00","no_unique_verified_match","2026-09-29T15:16:24.807261+00:00","no_unique_verified_match"
"2026-09-30T06:15:20Z","ferry_port","data_go_kr_maritime","","SEA32811","매화(기섬)","","no_unique_verified_match","2026-09-29T15:12:26.043823+00:00","no_unique_verified_match","2026-09-29T15:16:25.831727+00:00","no_unique_verified_match"
"2026-09-30T06:15:20Z","ferry_port","data_go_kr_maritime","","SEA32812","매화도_ 순회","","not_searched","","not_searched","","excluded_composite_name"
"2026-09-30T06:15:20Z","ferry_port","data_go_kr_maritime","","SEA32830","맹골도","","no_unique_verified_match","2026-09-29T15:12:26.214594+00:00","no_unique_verified_match","2026-09-29T15:16:26.345861+00:00","no_unique_verified_match"
"2026-09-30T06:15:20Z","ferry_port","data_go_kr_maritime","","SEA32910","반월도","","no_unique_verified_match","2026-09-29T15:12:26.754129+00:00","no_unique_verified_match","2026-09-29T15:16:28.436988+00:00","no_unique_verified_match"
"2026-09-30T06:15:20Z","ferry_port","data_go_kr_maritime","","SEA32911","반월(복)","","no_unique_verified_match","2026-09-29T15:12:26.86144+00:00","no_unique_verified_match","2026-09-29T15:16:29.148667+00:00","no_unique_verified_match"
"2026-09-30T06:15:20Z","ferry_port","data_go_kr_maritime","","SEA32930","백야도","","not_searched","","not_searched","","excluded_duplicate_name"
"2026-09-30T06:15:20Z","ferry_port","data_go_kr_maritime","","SEA32960","백일도","","no_unique_verified_match","2026-09-29T15:12:27.167814+00:00","no_unique_verified_match","2026-09-29T15:16:29.679031+00:00","no_unique_verified_match"
"2026-09-30T06:15:20Z","ferry_port","data_go_kr_maritime","","SEA32961","백일도_왕복","","not_searched","","not_searched","","excluded_composite_name"
"2026-09-30T06:15:20Z","ferry_port","data_go_kr_maritime","","SEA32980","박지도","","no_unique_verified_match","2026-09-29T15:12:27.499847+00:00","no_unique_verified_match","2026-09-29T15:16:29.936157+00:00","no_unique_verified_match"
"2026-09-30T06:15:20Z","ferry_port","data_go_kr_maritime","","SEA32990","병풍도","","no_unique_verified_match","2026-09-29T15:12:27.708477+00:00","no_unique_verified_match","2026-09-29T15:16:30.34085+00:00","no_unique_verified_match"
"2026-09-30T06:15:20Z","ferry_port","data_go_kr_maritime","","SEA32991","병풍(보기)","","no_unique_verified_match","2026-09-29T15:12:27.896575+00:00","no_unique_verified_match","2026-09-29T15:16:30.643464+00:00","no_unique_verified_match"
"2026-09-30T06:15:20Z","ferry_port","data_go_kr_maritime","","SEA33010","보길도","","no_unique_verified_match","2026-09-29T15:12:28.022851+00:00","no_unique_verified_match","2026-09-29T15:16:31.097699+00:00","no_unique_verified_match"
"2026-09-30T06:15:20Z","ferry_port","data_go_kr_maritime","","SEA33011","보길_중리","","not_searched","","not_searched","","excluded_composite_name"
"2026-09-30T06:15:20Z","ferry_port","data_go_kr_maritime","","SEA33012","보길_청별","","not_searched","","not_searched","","excluded_composite_name"
"2026-09-30T06:15:20Z","ferry_port","data_go_kr_maritime","","SEA33030","부남도","","no_unique_verified_match","2026-09-29T15:12:28.302338+00:00","no_unique_verified_match","2026-09-29T15:16:31.363701+00:00","no_unique_verified_match"
"2026-09-30T06:15:20Z","ferry_port","data_go_kr_maritime","","SEA33060","부도_완도군","","not_searched","","not_searched","","excluded_composite_name"
"2026-09-30T06:15:20Z","ferry_port","data_go_kr_maritime","","SEA33090","부도_여수시","","not_searched","","not_searched","","excluded_composite_name"
"2026-09-30T06:15:20Z","ferry_port","data_go_kr_maritime","","SEA33110","부소도","","no_unique_verified_match","2026-09-29T15:12:28.766658+00:00","no_unique_verified_match","2026-09-29T15:16:32.38718+00:00","no_unique_verified_match"
"2026-09-30T06:15:20Z","ferry_port","data_go_kr_maritime","","SEA33130","불도","","no_unique_verified_match","2026-09-29T15:12:28.877046+00:00","no_unique_verified_match","2026-09-29T15:16:33.007567+00:00","no_unique_verified_match"
"2026-09-30T06:15:20Z","ferry_port","data_go_kr_maritime","","SEA33160","비견도","","no_unique_verified_match","2026-09-29T15:12:29.072651+00:00","no_unique_verified_match","2026-09-29T15:16:33.81877+00:00","no_unique_verified_match"
"2026-09-30T06:15:20Z","ferry_port","data_go_kr_maritime","","SEA33190","비금도","","no_unique_verified_match","2026-09-29T15:12:29.329683+00:00","no_unique_verified_match","2026-09-29T15:16:34.411618+00:00","no_unique_verified_match"
"2026-09-30T06:15:20Z","ferry_port","data_go_kr_maritime","","SEA33191","비금_수대","","not_searched","","not_searched","","excluded_composite_name"
"2026-09-30T06:15:20Z","ferry_port","data_go_kr_maritime","","SEA33192","비금_가산","","not_searched","","not_searched","","excluded_composite_name"
"2026-09-30T06:15:20Z","ferry_port","data_go_kr_maritime","","SEA33210","낭도_사도","","not_searched","","not_searched","","excluded_composite_name"
"2026-09-30T06:15:20Z","ferry_port","data_go_kr_maritime","","SEA33230","사옥도","","no_unique_verified_match","2026-09-29T15:12:29.905898+00:00","no_unique_verified_match","2026-09-29T15:16:35.768346+00:00","no_unique_verified_match"
"2026-09-30T06:15:20Z","ferry_port","data_go_kr_maritime","","SEA33260","사치도","","no_unique_verified_match","2026-09-29T15:12:30.017774+00:00","no_unique_verified_match","2026-09-29T15:16:36.38434+00:00","no_unique_verified_match"
"2026-09-30T06:15:20Z","ferry_port","data_go_kr_maritime","","SEA33290","상낙월도","","no_unique_verified_match","2026-09-29T15:12:30.132325+00:00","no_unique_verified_match","2026-09-29T15:16:37.20298+00:00","no_unique_verified_match"
"2026-09-30T06:15:20Z","ferry_port","data_go_kr_maritime","","SEA33310","상조도","","no_unique_verified_match","2026-09-29T15:12:30.231779+00:00","no_unique_verified_match","2026-09-29T15:16:37.816162+00:00","no_unique_verified_match"
"2026-09-30T06:15:20Z","ferry_port","data_go_kr_maritime","","SEA33311","상조_맹성","","not_searched","","not_searched","","excluded_composite_name"
"2026-09-30T06:15:20Z","ferry_port","data_go_kr_maritime","","SEA33312","상조_여미","","not_searched","","not_searched","","excluded_composite_name"
"2026-09-30T06:15:20Z","ferry_port","data_go_kr_maritime","","SEA33313","상조_율목","","not_searched","","not_searched","","excluded_composite_name"
"2026-09-30T06:15:20Z","ferry_port","data_go_kr_maritime","","SEA33410","생일도","","no_unique_verified_match","2026-09-29T15:12:30.765969+00:00","no_unique_verified_match","2026-09-29T15:16:42.836203+00:00","no_unique_verified_match"
"2026-09-30T06:15:20Z","ferry_port","data_go_kr_maritime","","SEA33411","생일_용출","","not_searched","","not_searched","","excluded_composite_name"
"2026-09-30T06:15:20Z","ferry_port","data_go_kr_maritime","","SEA33412","생일_서성","","not_searched","","not_searched","","excluded_composite_name"
"2026-09-30T06:15:20Z","ferry_port","data_go_kr_maritime","","SEA33460","서넙도_노화","","not_searched","","not_searched","","excluded_composite_name"
"2026-09-30T06:15:20Z","ferry_port","data_go_kr_maritime","","SEA33490","거문_서도","","not_searched","","not_searched","","excluded_composite_name"
"2026-09-30T06:15:20Z","ferry_port","data_go_kr_maritime","","SEA33560","섭도","","no_unique_verified_match","2026-09-29T15:12:32.006251+00:00","no_unique_verified_match","2026-09-29T15:16:47.031248+00:00","no_unique_verified_match"
"2026-09-30T06:15:20Z","ferry_port","data_go_kr_maritime","","SEA33590","성남도","","no_unique_verified_match","2026-09-29T15:12:32.363449+00:00","no_unique_verified_match","2026-09-29T15:16:47.917979+00:00","no_unique_verified_match"
"2026-09-30T06:15:20Z","ferry_port","data_go_kr_maritime","","SEA33610","소각시도","","no_unique_verified_match","2026-09-29T15:12:32.630828+00:00","no_unique_verified_match","2026-09-29T15:16:48.785038+00:00","no_unique_verified_match"
"2026-09-30T06:15:20Z","ferry_port","data_go_kr_maritime","","SEA33630","소거문도","","no_unique_verified_match","2026-09-29T15:12:32.849749+00:00","no_unique_verified_match","2026-09-29T15:16:49.590499+00:00","no_unique_verified_match"
"2026-09-30T06:15:20Z","ferry_port","data_go_kr_maritime","","SEA33690","소랑도","","no_unique_verified_match","2026-09-29T15:12:32.966158+00:00","no_unique_verified_match","2026-09-29T15:16:50.308503+00:00","no_unique_verified_match"
"2026-09-30T06:15:20Z","ferry_port","data_go_kr_maritime","","SEA33710","소마도","","no_unique_verified_match","2026-09-29T15:12:33.217739+00:00","no_unique_verified_match","2026-09-29T15:16:51.230128+00:00","no_unique_verified_match"
"2026-09-30T06:15:20Z","ferry_port","data_go_kr_maritime","","SEA33760","소석만도","","no_unique_verified_match","2026-09-29T15:12:33.755037+00:00","no_unique_verified_match","2026-09-29T15:16:52.888386+00:00","no_unique_verified_match"
"2026-09-30T06:15:20Z","ferry_port","data_go_kr_maritime","","SEA33790","소성남도","","no_unique_verified_match","2026-09-29T15:12:34.029611+00:00","no_unique_verified_match","2026-09-29T15:16:53.585455+00:00","no_unique_verified_match"
"2026-09-30T06:15:20Z","ferry_port","data_go_kr_maritime","","SEA33810","소악도","","no_unique_verified_match","2026-09-29T15:12:34.273326+00:00","no_unique_verified_match","2026-09-29T15:16:54.205999+00:00","no_unique_verified_match"
"2026-09-30T06:15:20Z","ferry_port","data_go_kr_maritime","","SEA33811","소악도_순회","","not_searched","","not_searched","","excluded_composite_name"
"2026-09-30T06:15:20Z","ferry_port","data_go_kr_maritime","","SEA33830","소안도","","no_unique_verified_match","2026-09-29T15:12:34.477953+00:00","no_unique_verified_match","2026-09-29T15:16:55.747184+00:00","no_unique_verified_match"
"2026-09-30T06:15:20Z","ferry_port","data_go_kr_maritime","","SEA33860","소흑산도","","no_unique_verified_match","2026-09-29T15:12:34.628928+00:00","no_unique_verified_match","2026-09-29T15:16:56.889392+00:00","no_unique_verified_match"
"2026-09-30T06:15:20Z","ferry_port","data_go_kr_maritime","","SEA33861","소흑산_1구","","not_searched","","not_searched","","excluded_composite_name"
"2026-09-30T06:15:20Z","ferry_port","data_go_kr_maritime","","SEA33862","소흑산_2구","","not_searched","","not_searched","","excluded_composite_name"
"2026-09-30T06:15:20Z","ferry_port","data_go_kr_maritime","","SEA33863","소흑산_가거도","","not_searched","","not_searched","","excluded_composite_name"
"2026-09-30T06:15:20Z","ferry_port","data_go_kr_maritime","","SEA33910","송도_진도군","","not_searched","","not_searched","","excluded_composite_name"
"2026-09-30T06:15:20Z","ferry_port","data_go_kr_maritime","","SEA33930","송도_율촌","","not_searched","","not_searched","","excluded_composite_name"
"2026-09-30T06:15:20Z","ferry_port","data_go_kr_maritime","","SEA33960","송도_돌산","","not_searched","","not_searched","","excluded_composite_name"
"2026-09-30T06:15:20Z","ferry_port","data_go_kr_maritime","","SEA34010","수도_신안군","","not_searched","","not_searched","","excluded_composite_name"
"2026-09-30T06:15:20Z","ferry_port","data_go_kr_maritime","","SEA34030","수치도","","no_unique_verified_match","2026-09-29T15:12:36.150757+00:00","no_unique_verified_match","2026-09-29T15:17:01.280314+00:00","no_unique_verified_match"
"2026-09-30T06:15:20Z","ferry_port","data_go_kr_maritime","","SEA34060","슬도","","no_unique_verified_match","2026-09-29T15:12:36.378236+00:00","no_unique_verified_match","2026-09-29T15:17:01.945023+00:00","no_unique_verified_match"
"2026-09-30T06:15:20Z","ferry_port","data_go_kr_maritime","","SEA34070","혈도","","not_searched","","not_searched","","excluded_duplicate_name"
"2026-09-30T06:15:20Z","ferry_port","data_go_kr_maritime","","SEA34090","시하도","","no_unique_verified_match","2026-09-29T15:12:36.762127+00:00","no_unique_verified_match","2026-09-29T15:17:02.808158+00:00","no_unique_verified_match"
"2026-09-30T06:15:20Z","ferry_port","data_go_kr_maritime","","SEA34110","신도_완도군","","not_searched","","not_searched","","excluded_composite_name"
"2026-09-30T06:15:20Z","ferry_port","data_go_kr_maritime","","SEA34130","신도_신안군","","not_searched","","not_searched","","excluded_composite_name"
"2026-09-30T06:15:20Z","ferry_port","data_go_kr_maritime","","SEA34160","신지도","","no_unique_verified_match","2026-09-29T15:12:37.161351+00:00","no_unique_verified_match","2026-09-29T15:17:04.067983+00:00","no_unique_verified_match"
"2026-09-30T06:15:20Z","ferry_port","data_go_kr_maritime","","SEA34161","신지_강독","","not_searched","","not_searched","","excluded_composite_name"
"2026-09-30T06:15:20Z","ferry_port","data_go_kr_maritime","","SEA34162","신지_임촌","","not_searched","","not_searched","","excluded_composite_name"
"2026-09-30T06:15:20Z","ferry_port","data_go_kr_maritime","","SEA34163","신지_동고","","not_searched","","not_searched","","excluded_composite_name"
"2026-09-30T06:15:20Z","ferry_port","data_go_kr_maritime","","SEA34230","안좌도","","no_unique_verified_match","2026-09-29T15:12:38.055666+00:00","no_unique_verified_match","2026-09-29T15:17:06.683711+00:00","no_unique_verified_match"
"2026-09-30T06:15:20Z","ferry_port","data_go_kr_maritime","","SEA34231","안좌_읍동","","not_searched","","not_searched","","excluded_composite_name"
"2026-09-30T06:15:20Z","ferry_port","data_go_kr_maritime","","SEA34232","안좌_금산","","not_searched","","not_searched","","excluded_composite_name"
"2026-09-30T06:15:20Z","ferry_port","data_go_kr_maritime","","SEA34233","안좌_복호","","not_searched","","not_searched","","excluded_composite_name"
"2026-09-30T06:15:20Z","ferry_port","data_go_kr_maritime","","SEA34234","안좌_두리","","not_searched","","not_searched","","excluded_composite_name"
"2026-09-30T06:15:20Z","ferry_port","data_go_kr_maritime","","SEA34250","노대도","","no_unique_verified_match","2026-09-29T15:12:38.513092+00:00","no_unique_verified_match","2026-09-29T15:17:08.639004+00:00","no_unique_verified_match"
"2026-09-30T06:15:20Z","ferry_port","data_go_kr_maritime","","SEA34260","암태도","","no_unique_verified_match","2026-09-29T15:12:38.68325+00:00","no_unique_verified_match","2026-09-29T15:17:09.454948+00:00","no_unique_verified_match"
"2026-09-30T06:15:20Z","ferry_port","data_go_kr_maritime","","SEA34261","암태_신석","","not_searched","","not_searched","","excluded_composite_name"
"2026-09-30T06:15:20Z","ferry_port","data_go_kr_maritime","","SEA34262","암태_와촌","","not_searched","","not_searched","","excluded_composite_name"
"2026-09-30T06:15:20Z","ferry_port","data_go_kr_maritime","","SEA34263","암태_남강","","not_searched","","not_searched","","excluded_composite_name"
"2026-09-30T06:15:20Z","ferry_port","data_go_kr_maritime","","SEA34290","약산_당목","","not_searched","","not_searched","","excluded_composite_name"
"2026-09-30T06:15:20Z","ferry_port","data_go_kr_maritime","","SEA34291","약산_득암","","not_searched","","not_searched","","excluded_composite_name"
"2026-09-30T06:15:20Z","ferry_port","data_go_kr_maritime","","SEA34310","양덕도","","no_unique_verified_match","2026-09-29T15:12:39.268303+00:00","no_unique_verified_match","2026-09-29T15:17:15.234389+00:00","no_unique_verified_match"
"2026-09-30T06:15:20Z","ferry_port","data_go_kr_maritime","","SEA34360","어의도_신안군","","not_searched","","not_searched","","excluded_composite_name"
"2026-09-30T06:15:20Z","ferry_port","data_go_kr_maritime","","SEA34410","연도_여수시","","not_searched","","not_searched","","excluded_composite_name"
"2026-09-30T06:15:20Z","ferry_port","data_go_kr_maritime","","SEA34460","연홍도_금산","","not_searched","","not_searched","","excluded_composite_name"
"2026-09-30T06:15:20Z","ferry_port","data_go_kr_maritime","","SEA34490","예작도","","no_unique_verified_match","2026-09-29T15:12:39.877044+00:00","no_unique_verified_match","2026-09-29T15:17:20.219459+00:00","no_unique_verified_match"
"2026-09-30T06:15:20Z","ferry_port","data_go_kr_maritime","","SEA34510","오동도","","no_unique_verified_match","2026-09-29T15:12:40.00224+00:00","no_unique_verified_match","2026-09-29T15:17:20.824831+00:00","no_unique_verified_match"
"2026-09-30T06:15:20Z","ferry_port","data_go_kr_maritime","","SEA34511","오동도(순회)","","no_unique_verified_match","2026-09-29T15:12:40.142267+00:00","no_unique_verified_match","2026-09-29T15:17:21.435741+00:00","no_unique_verified_match"
"2026-09-30T06:15:20Z","ferry_port","data_go_kr_maritime","","SEA34530","옥도_신안군","","not_searched","","not_searched","","excluded_composite_name"
"2026-09-30T06:15:20Z","ferry_port","data_go_kr_maritime","","SEA34560","옥도_진도군","","not_searched","","not_searched","","excluded_composite_name"
"2026-09-30T06:15:20Z","ferry_port","data_go_kr_maritime","","SEA34610","외나로도","","no_unique_verified_match","2026-09-29T15:12:40.581672+00:00","no_unique_verified_match","2026-09-29T15:17:22.601347+00:00","no_unique_verified_match"
"2026-09-30T06:15:20Z","ferry_port","data_go_kr_maritime","","SEA34630","외달도","","no_unique_verified_match","2026-09-29T15:12:40.711219+00:00","no_unique_verified_match","2026-09-29T15:17:23.181857+00:00","no_unique_verified_match"
"2026-09-30T06:15:20Z","ferry_port","data_go_kr_maritime","","SEA34690","외병도","","no_unique_verified_match","2026-09-29T15:12:40.834706+00:00","no_unique_verified_match","2026-09-29T15:17:23.800658+00:00","no_unique_verified_match"
"2026-09-30T06:15:20Z","ferry_port","data_go_kr_maritime","","SEA34711","우이1구","","no_unique_verified_match","2026-09-29T15:12:41.177272+00:00","no_unique_verified_match","2026-09-29T15:17:24.947622+00:00","no_unique_verified_match"
"2026-09-30T06:15:20Z","ferry_port","data_go_kr_maritime","","SEA34712","우이2구","","no_unique_verified_match","2026-09-29T15:12:41.297173+00:00","no_unique_verified_match","2026-09-29T15:17:25.496177+00:00","no_unique_verified_match"
"2026-09-30T06:15:20Z","ferry_port","data_go_kr_maritime","","SEA34713","예리","","no_unique_verified_match","2026-09-29T15:12:41.456742+00:00","no_unique_verified_match","2026-09-29T15:17:26.151099+00:00","no_unique_verified_match"
"2026-09-30T06:15:20Z","ferry_port","data_go_kr_maritime","","SEA34730","원도-금일읍","","no_unique_verified_match","2026-09-29T15:12:41.575346+00:00","no_unique_verified_match","2026-09-29T15:17:26.720974+00:00","no_unique_verified_match"
"2026-09-30T06:15:20Z","ferry_port","data_go_kr_maritime","","SEA34760","월호도","","no_unique_verified_match","2026-09-29T15:12:41.728822+00:00","no_unique_verified_match","2026-09-29T15:17:27.386707+00:00","no_unique_verified_match"
"2026-09-30T06:15:20Z","ferry_port","data_go_kr_maritime","","SEA34810","임자도","","no_unique_verified_match","2026-09-29T15:12:41.985056+00:00","no_unique_verified_match","2026-09-29T15:17:28.652804+00:00","no_unique_verified_match"
"2026-09-30T06:15:20Z","ferry_port","data_go_kr_maritime","","SEA34811","임자_진리","","not_searched","","not_searched","","excluded_composite_name"
"2026-09-30T06:15:20Z","ferry_port","data_go_kr_maritime","","SEA34812","임자_진리(순회)","","not_searched","","not_searched","","excluded_composite_name"
"2026-09-30T06:15:20Z","ferry_port","data_go_kr_maritime","","SEA34830","자라도","","no_unique_verified_match","2026-09-29T15:12:42.353777+00:00","no_unique_verified_match","2026-09-29T15:17:29.882495+00:00","no_unique_verified_match"
"2026-09-30T06:15:20Z","ferry_port","data_go_kr_maritime","","SEA34860","자봉도","","no_unique_verified_match","2026-09-29T15:12:42.45036+00:00","no_unique_verified_match","2026-09-29T15:17:30.549128+00:00","no_unique_verified_match"
"2026-09-30T06:15:20Z","ferry_port","data_go_kr_maritime","","SEA34890","자은도","","no_unique_verified_match","2026-09-29T15:12:42.555331+00:00","no_unique_verified_match","2026-09-29T15:17:31.169802+00:00","no_unique_verified_match"
"2026-09-30T06:15:20Z","ferry_port","data_go_kr_maritime","","SEA34910","장도-금일읍","","no_unique_verified_match","2026-09-29T15:12:42.756119+00:00","no_unique_verified_match","2026-09-29T15:17:31.782488+00:00","no_unique_verified_match"
"2026-09-30T06:15:20Z","ferry_port","data_go_kr_maritime","","SEA34930","장도-청산면","","no_unique_verified_match","2026-09-29T15:12:42.854525+00:00","no_unique_verified_match","2026-09-29T15:17:32.313539+00:00","no_unique_verified_match"
"2026-09-30T06:15:20Z","ferry_port","data_go_kr_maritime","","SEA34960","장도","","not_searched","","not_searched","","excluded_duplicate_name"
"2026-09-30T06:15:20Z","ferry_port","data_go_kr_maritime","","SEA35010","장사도","","not_searched","","not_searched","","excluded_duplicate_name"
"2026-09-30T06:15:20Z","ferry_port","data_go_kr_maritime","","SEA35030","장산도","","no_unique_verified_match","2026-09-29T15:12:43.198395+00:00","no_unique_verified_match","2026-09-29T15:17:34.18309+00:00","no_unique_verified_match"
"2026-09-30T06:15:20Z","ferry_port","data_go_kr_maritime","","SEA35031","장산_북강","","not_searched","","not_searched","","excluded_composite_name"
"2026-09-30T06:15:20Z","ferry_port","data_go_kr_maritime","","SEA35032","장산_두루메","","not_searched","","not_searched","","excluded_composite_name"
"2026-09-30T06:15:20Z","ferry_port","data_go_kr_maritime","","SEA35033","장산_앤두","","not_searched","","not_searched","","excluded_composite_name"
"2026-09-30T06:15:20Z","ferry_port","data_go_kr_maritime","","SEA35034","장산_앤두(복)","","not_searched","","not_searched","","excluded_composite_name"
"2026-09-30T06:15:20Z","ferry_port","data_go_kr_maritime","","SEA35035","장산_북강(복)","","not_searched","","not_searched","","excluded_composite_name"
"2026-09-30T06:15:20Z","ferry_port","data_go_kr_maritime","","SEA35060","장재도","","no_unique_verified_match","2026-09-29T15:12:43.677512+00:00","no_unique_verified_match","2026-09-29T15:17:36.541785+00:00","no_unique_verified_match"
"2026-09-30T06:15:20Z","ferry_port","data_go_kr_maritime","","SEA35070","장좌도","","no_unique_verified_match","2026-09-29T15:12:43.772661+00:00","no_unique_verified_match","2026-09-29T15:17:37.26428+00:00","no_unique_verified_match"
"2026-09-30T06:15:20Z","ferry_port","data_go_kr_maritime","","SEA35090","재원도","","no_unique_verified_match","2026-09-29T15:12:43.883956+00:00","no_unique_verified_match","2026-09-29T15:17:37.823808+00:00","no_unique_verified_match"
"2026-09-30T06:15:20Z","ferry_port","data_go_kr_maritime","","SEA35110","저도_무안군","","not_searched","","not_searched","","excluded_composite_name"
"2026-09-30T06:15:20Z","ferry_port","data_go_kr_maritime","","SEA35130","저도_진도군","","not_searched","","not_searched","","excluded_composite_name"
"2026-09-30T06:15:20Z","ferry_port","data_go_kr_maritime","","SEA35160","적금도","","no_unique_verified_match","2026-09-29T15:12:44.116718+00:00","no_unique_verified_match","2026-09-29T15:17:39.049807+00:00","no_unique_verified_match"
"2026-09-30T06:15:20Z","ferry_port","data_go_kr_maritime","","SEA35210","조발도","","no_unique_verified_match","2026-09-29T15:12:44.417327+00:00","no_unique_verified_match","2026-09-29T15:17:40.347639+00:00","no_unique_verified_match"
"2026-09-30T06:15:20Z","ferry_port","data_go_kr_maritime","","SEA35230","주지도","","no_unique_verified_match","2026-09-29T15:12:44.530058+00:00","no_unique_verified_match","2026-09-29T15:17:41.001051+00:00","no_unique_verified_match"
"2026-09-30T06:15:20Z","ferry_port","data_go_kr_maritime","","SEA35290","죽도_고흥군","","not_searched","","not_searched","","excluded_composite_name"
"2026-09-30T06:15:20Z","ferry_port","data_go_kr_maritime","","SEA35310","죽도_영광군","","not_searched","","not_searched","","excluded_composite_name"
"2026-09-30T06:15:20Z","ferry_port","data_go_kr_maritime","","SEA35330","죽도_신안군","","not_searched","","not_searched","","excluded_composite_name"
"2026-09-30T06:15:20Z","ferry_port","data_go_kr_maritime","","SEA35360","죽도_진도군","","not_searched","","not_searched","","excluded_composite_name"
"2026-09-30T06:15:20Z","ferry_port","data_go_kr_maritime","","SEA35390","죽항도","","no_unique_verified_match","2026-09-29T15:12:45.326168+00:00","no_unique_verified_match","2026-09-29T15:17:43.545131+00:00","no_unique_verified_match"
"2026-09-30T06:15:20Z","ferry_port","data_go_kr_maritime","","SEA35410","중태도","","no_unique_verified_match","2026-09-29T15:12:45.453666+00:00","no_unique_verified_match","2026-09-29T15:17:44.225559+00:00","no_unique_verified_match"
"2026-09-30T06:15:20Z","ferry_port","data_go_kr_maritime","","SEA35460","지도_신안군","","not_searched","","not_searched","","excluded_composite_name"
"2026-09-30T06:15:20Z","ferry_port","data_go_kr_maritime","","SEA35461","지도_봉리","","not_searched","","not_searched","","excluded_composite_name"
"2026-09-30T06:15:20Z","ferry_port","data_go_kr_maritime","","SEA35462","지도_점암","","not_searched","","not_searched","","excluded_composite_name"
"2026-09-30T06:15:20Z","ferry_port","data_go_kr_maritime","","SEA35463","지도_점암(순회)","","not_searched","","not_searched","","excluded_composite_name"
"2026-09-30T06:15:20Z","ferry_port","data_go_kr_maritime","","SEA35491","진도_가학","","not_searched","","not_searched","","excluded_composite_name"
"2026-09-30T06:15:20Z","ferry_port","data_go_kr_maritime","","SEA35492","진도_벽파진","","not_searched","","not_searched","","excluded_composite_name"
"2026-09-30T06:15:20Z","ferry_port","data_go_kr_maritime","","SEA35493","진도_쉬미","","not_searched","","not_searched","","excluded_composite_name"
"2026-09-30T06:15:20Z","ferry_port","data_go_kr_maritime","","SEA35494","진도_신기","","not_searched","","not_searched","","excluded_composite_name"
"2026-09-30T06:15:20Z","ferry_port","data_go_kr_maritime","","SEA35495","진도_팽목","","not_searched","","not_searched","","excluded_composite_name"
"2026-09-30T06:15:20Z","ferry_port","data_go_kr_maritime","","SEA35496","진도_녹진","","not_searched","","not_searched","","excluded_composite_name"
"2026-09-30T06:15:20Z","ferry_port","data_go_kr_maritime","","SEA35497","진도_녹진(왕복)","","not_searched","","not_searched","","excluded_composite_name"
"2026-09-30T06:15:20Z","ferry_port","data_go_kr_maritime","","SEA35510","진목도","","no_unique_verified_match","2026-09-29T15:12:46.760091+00:00","no_unique_verified_match","2026-09-29T15:17:48.855617+00:00","no_unique_verified_match"
"2026-09-30T06:15:20Z","ferry_port","data_go_kr_maritime","","SEA35530","청등도","","no_unique_verified_match","2026-09-29T15:12:46.867265+00:00","no_unique_verified_match","2026-09-29T15:17:49.381295+00:00","no_unique_verified_match"
"2026-09-30T06:15:20Z","ferry_port","data_go_kr_maritime","","SEA35561","청산_순환","","not_searched","","not_searched","","excluded_composite_name"
"2026-09-30T06:15:20Z","ferry_port","data_go_kr_maritime","","SEA35591","초도_대동","","not_searched","","not_searched","","excluded_composite_name"
"2026-09-30T06:15:20Z","ferry_port","data_go_kr_maritime","","SEA35592","초도_진막","","not_searched","","not_searched","","excluded_composite_name"
"2026-09-30T06:15:20Z","ferry_port","data_go_kr_maritime","","SEA35593","초도_의성","","not_searched","","not_searched","","excluded_composite_name"
"2026-09-30T06:15:20Z","ferry_port","data_go_kr_maritime","","SEA35610","낭도_추도","","not_searched","","not_searched","","excluded_composite_name"
"2026-09-30T06:15:20Z","ferry_port","data_go_kr_maritime","","SEA35660","탄항도","","no_unique_verified_match","2026-09-29T15:12:47.836076+00:00","no_unique_verified_match","2026-09-29T15:17:52.229331+00:00","no_unique_verified_match"
"2026-09-30T06:15:20Z","ferry_port","data_go_kr_maritime","","SEA35691","팔금_고산","","not_searched","","not_searched","","excluded_composite_name"
"2026-09-30T06:15:20Z","ferry_port","data_go_kr_maritime","","SEA35692","팔금_장촌","","not_searched","","not_searched","","excluded_composite_name"
"2026-09-30T06:15:20Z","ferry_port","data_go_kr_maritime","","SEA35730","평일도","","no_unique_verified_match","2026-09-29T15:12:48.32084+00:00","no_unique_verified_match","2026-09-29T15:17:54.820527+00:00","no_unique_verified_match"
"2026-09-30T06:15:20Z","ferry_port","data_go_kr_maritime","","SEA35731","평일_도장","","not_searched","","not_searched","","excluded_composite_name"
"2026-09-30T06:15:20Z","ferry_port","data_go_kr_maritime","","SEA35732","평일_동송","","not_searched","","not_searched","","excluded_composite_name"
"2026-09-30T06:15:20Z","ferry_port","data_go_kr_maritime","","SEA35733","평일_사동","","not_searched","","not_searched","","excluded_composite_name"
"2026-09-30T06:15:20Z","ferry_port","data_go_kr_maritime","","SEA35734","평일_용황","","not_searched","","not_searched","","excluded_composite_name"
"2026-09-30T06:15:20Z","ferry_port","data_go_kr_maritime","","SEA35735","평일_일정","","not_searched","","not_searched","","excluded_composite_name"
"2026-09-30T06:15:20Z","ferry_port","data_go_kr_maritime","","SEA35736","평일_척치","","not_searched","","not_searched","","excluded_composite_name"
"2026-09-30T06:15:20Z","ferry_port","data_go_kr_maritime","","SEA35737","화천_평일도","","not_searched","","not_searched","","excluded_composite_name"
"2026-09-30T06:15:20Z","ferry_port","data_go_kr_maritime","","SEA35738","금일_일정","","not_searched","","not_searched","","excluded_composite_name"
"2026-09-30T06:15:20Z","ferry_port","data_go_kr_maritime","","SEA35760","하낙월도","","no_unique_verified_match","2026-09-29T15:12:49.027064+00:00","no_unique_verified_match","2026-09-29T15:17:57.739847+00:00","no_unique_verified_match"
"2026-09-30T06:15:20Z","ferry_port","data_go_kr_maritime","","SEA35790","하의도","","no_unique_verified_match","2026-09-29T15:12:49.145218+00:00","no_unique_verified_match","2026-09-29T15:17:58.366035+00:00","no_unique_verified_match"
"2026-09-30T06:15:20Z","ferry_port","data_go_kr_maritime","","SEA35791","하의_당머리","","not_searched","","not_searched","","excluded_composite_name"
"2026-09-30T06:15:20Z","ferry_port","data_go_kr_maritime","","SEA35792","하의_오림","","not_searched","","not_searched","","excluded_composite_name"
"2026-09-30T06:15:20Z","ferry_port","data_go_kr_maritime","","SEA35793","하의_웅곡","","not_searched","","not_searched","","excluded_composite_name"
"2026-09-30T06:15:20Z","ferry_port","data_go_kr_maritime","","SEA35795","하의_당두","","not_searched","","not_searched","","excluded_composite_name"
"2026-09-30T06:15:20Z","ferry_port","data_go_kr_maritime","","SEA35810","하조도","","no_unique_verified_match","2026-09-29T15:12:49.645145+00:00","no_unique_verified_match","2026-09-29T15:18:00.352233+00:00","no_unique_verified_match"
"2026-09-30T06:15:20Z","ferry_port","data_go_kr_maritime","","SEA35811","하조_창유","","not_searched","","not_searched","","excluded_composite_name"
"2026-09-30T06:15:20Z","ferry_port","data_go_kr_maritime","","SEA35830","하태도","","no_unique_verified_match","2026-09-29T15:12:49.835845+00:00","no_unique_verified_match","2026-09-29T15:18:01.064757+00:00","no_unique_verified_match"
"2026-09-30T06:15:20Z","ferry_port","data_go_kr_maritime","","SEA35860","하화도","","no_unique_verified_match","2026-09-29T15:12:49.960692+00:00","no_unique_verified_match","2026-09-29T15:18:01.701826+00:00","no_unique_verified_match"
"2026-09-30T06:15:20Z","ferry_port","data_go_kr_maritime","","SEA35910","허사도","","no_unique_verified_match","2026-09-29T15:12:50.339519+00:00","no_unique_verified_match","2026-09-29T15:18:01.987014+00:00","no_unique_verified_match"
"2026-09-30T06:15:20Z","ferry_port","data_go_kr_maritime","","SEA35930","혈도","","not_searched","","not_searched","","excluded_duplicate_name"
"2026-09-30T06:15:20Z","ferry_port","data_go_kr_maritime","","SEA35990","화태도","","no_unique_verified_match","2026-09-29T15:12:50.620096+00:00","no_unique_verified_match","2026-09-29T15:18:03.626738+00:00","no_unique_verified_match"
"2026-09-30T06:15:20Z","ferry_port","data_go_kr_maritime","","SEA35991","마하_화태도","","not_searched","","not_searched","","excluded_composite_name"
"2026-09-30T06:15:20Z","ferry_port","data_go_kr_maritime","","SEA35992","화태_화태도","","not_searched","","not_searched","","excluded_composite_name"
"2026-09-30T06:15:20Z","ferry_port","data_go_kr_maritime","","SEA36010","황제도","","no_unique_verified_match","2026-09-29T15:12:50.998748+00:00","no_unique_verified_match","2026-09-29T15:18:05.061859+00:00","no_unique_verified_match"
"2026-09-30T06:15:20Z","ferry_port","data_go_kr_maritime","","SEA36030","횡간도","","no_unique_verified_match","2026-09-29T15:12:51.118785+00:00","no_unique_verified_match","2026-09-29T15:18:05.607548+00:00","no_unique_verified_match"
"2026-09-30T06:15:20Z","ferry_port","data_go_kr_maritime","","SEA36110","후장구도","","no_unique_verified_match","2026-09-29T15:12:51.352967+00:00","no_unique_verified_match","2026-09-29T15:18:06.842925+00:00","no_unique_verified_match"
"2026-09-30T06:15:20Z","ferry_port","data_go_kr_maritime","","SEA36130","흑일도","","no_unique_verified_match","2026-09-29T15:12:51.46424+00:00","no_unique_verified_match","2026-09-29T15:18:07.528603+00:00","no_unique_verified_match"
"2026-09-30T06:15:20Z","ferry_port","data_go_kr_maritime","","SEA36150","사후도","","no_unique_verified_match","2026-09-29T15:12:51.694647+00:00","no_unique_verified_match","2026-09-29T15:18:08.070712+00:00","no_unique_verified_match"
"2026-09-30T06:15:20Z","ferry_port","data_go_kr_maritime","","SEA36160","고마도","","no_unique_verified_match","2026-09-29T15:12:51.806907+00:00","no_unique_verified_match","2026-09-29T15:18:08.782236+00:00","no_unique_verified_match"
"2026-09-30T06:15:20Z","ferry_port","data_go_kr_maritime","","SEA36170","토도","","no_unique_verified_match","2026-09-29T15:12:52.046614+00:00","no_unique_verified_match","2026-09-29T15:18:10.351574+00:00","no_unique_verified_match"
"2026-09-30T06:15:20Z","ferry_port","data_go_kr_maritime","","SEA36180","우도_완도","","not_searched","","not_searched","","excluded_composite_name"
"2026-09-30T06:15:20Z","ferry_port","data_go_kr_maritime","","SEA36190","서화도","","no_unique_verified_match","2026-09-29T15:12:52.208909+00:00","no_unique_verified_match","2026-09-29T15:18:11.307032+00:00","no_unique_verified_match"
"2026-09-30T06:15:20Z","ferry_port","data_go_kr_maritime","","SEA36200","양도","","no_unique_verified_match","2026-09-29T15:12:52.321144+00:00","no_unique_verified_match","2026-09-29T15:18:12.024309+00:00","no_unique_verified_match"
"2026-09-30T06:15:20Z","ferry_port","data_go_kr_maritime","","SEA36210","허우도","","no_unique_verified_match","2026-09-29T15:12:52.414902+00:00","no_unique_verified_match","2026-09-29T15:18:12.84563+00:00","no_unique_verified_match"
"2026-09-30T06:15:20Z","ferry_port","data_go_kr_maritime","","SEA40011","마산_순회","","not_searched","","not_searched","","excluded_composite_name"
"2026-09-30T06:15:20Z","ferry_port","data_go_kr_maritime","","SEA40030","거제","","no_unique_verified_match","2026-09-29T15:11:22.317959+00:00","incomplete_page","2026-09-29T15:14:32.478958+00:00","incomplete_page"
"2026-09-30T06:15:20Z","ferry_port","data_go_kr_maritime","","SEA40031","거제_성포","","not_searched","","not_searched","","excluded_composite_name"
"2026-09-30T06:15:20Z","ferry_port","data_go_kr_maritime","","SEA40032","거제_유호","","not_searched","","not_searched","","excluded_composite_name"
"2026-09-30T06:15:20Z","ferry_port","data_go_kr_maritime","","SEA40033","거제_해금강","","not_searched","","not_searched","","excluded_composite_name"
"2026-09-30T06:15:20Z","ferry_port","data_go_kr_maritime","","SEA40034","거제_황포","","not_searched","","not_searched","","excluded_composite_name"
"2026-09-30T06:15:20Z","ferry_port","data_go_kr_maritime","","SEA40035","거제_구영","","not_searched","","not_searched","","excluded_composite_name"
"2026-09-30T06:15:20Z","ferry_port","data_go_kr_maritime","","SEA40036","거제_어구","","not_searched","","not_searched","","excluded_composite_name"
"2026-09-30T06:15:20Z","ferry_port","data_go_kr_maritime","","SEA40051","통영_도착","","not_searched","","not_searched","","excluded_composite_name"
"2026-09-30T06:15:20Z","ferry_port","data_go_kr_maritime","","SEA40100","미수(통영)","","no_unique_verified_match","2026-09-29T15:11:24.792449+00:00","no_unique_verified_match","2026-09-29T15:14:33.508939+00:00","no_unique_verified_match"
"2026-09-30T06:15:20Z","ferry_port","data_go_kr_maritime","","SEA40110","적촌(원평)","","no_unique_verified_match","2026-09-29T15:11:25.246654+00:00","no_unique_verified_match","2026-09-29T15:14:34.026982+00:00","no_unique_verified_match"
"2026-09-30T06:15:20Z","ferry_port","data_go_kr_maritime","","SEA40310","가오도","","no_unique_verified_match","2026-09-29T15:11:25.387422+00:00","no_unique_verified_match","2026-09-29T15:14:34.53301+00:00","no_unique_verified_match"
"2026-09-30T06:15:20Z","ferry_port","data_go_kr_maritime","","SEA40370","납도","","no_unique_verified_match","2026-09-29T15:11:26.42139+00:00","no_unique_verified_match","2026-09-29T15:14:35.029033+00:00","no_unique_verified_match"
"2026-09-30T06:15:20Z","ferry_port","data_go_kr_maritime","","SEA40390","두미도","","no_unique_verified_match","2026-09-29T15:11:27.040081+00:00","no_unique_verified_match","2026-09-29T15:14:35.519361+00:00","no_unique_verified_match"
"2026-09-30T06:15:20Z","ferry_port","data_go_kr_maritime","","SEA40391","두미_남구","","not_searched","","not_searched","","excluded_composite_name"
"2026-09-30T06:15:20Z","ferry_port","data_go_kr_maritime","","SEA40392","두미_북구","","not_searched","","not_searched","","excluded_composite_name"
"2026-09-30T06:15:20Z","ferry_port","data_go_kr_maritime","","SEA40410","만지도","","no_unique_verified_match","2026-09-29T15:11:29.028807+00:00","no_unique_verified_match","2026-09-29T15:14:36.58055+00:00","no_unique_verified_match"
"2026-09-30T06:15:20Z","ferry_port","data_go_kr_maritime","","SEA40431","매물_당금","","not_searched","","not_searched","","excluded_composite_name"
"2026-09-30T06:15:20Z","ferry_port","data_go_kr_maritime","","SEA40432","매물_대항","","not_searched","","not_searched","","excluded_composite_name"
"2026-09-30T06:15:20Z","ferry_port","data_go_kr_maritime","","SEA40450","봉암도","","no_unique_verified_match","2026-09-29T15:11:30.216546+00:00","no_unique_verified_match","2026-09-29T15:14:38.201443+00:00","no_unique_verified_match"
"2026-09-30T06:15:20Z","ferry_port","data_go_kr_maritime","","SEA40451","봉암_추원","","not_searched","","not_searched","","excluded_composite_name"
"2026-09-30T06:15:20Z","ferry_port","data_go_kr_maritime","","SEA40452","봉암_예곡","","not_searched","","not_searched","","excluded_composite_name"
"2026-09-30T06:15:20Z","ferry_port","data_go_kr_maritime","","SEA40453","봉암_직예곡","","not_searched","","not_searched","","excluded_composite_name"
"2026-09-30T06:15:20Z","ferry_port","data_go_kr_maritime","","SEA40490","비진도","","no_unique_verified_match","2026-09-29T15:11:31.592579+00:00","no_unique_verified_match","2026-09-29T15:14:40.06201+00:00","no_unique_verified_match"
"2026-09-30T06:15:20Z","ferry_port","data_go_kr_maritime","","SEA40491","비진_내항","","not_searched","","not_searched","","excluded_composite_name"
"2026-09-30T06:15:20Z","ferry_port","data_go_kr_maritime","","SEA40492","비진_외항","","not_searched","","not_searched","","excluded_composite_name"
"2026-09-30T06:15:20Z","ferry_port","data_go_kr_maritime","","SEA40510","사량도","","no_unique_verified_match","2026-09-29T15:11:32.263752+00:00","no_unique_verified_match","2026-09-29T15:14:41.125331+00:00","no_unique_verified_match"
"2026-09-30T06:15:20Z","ferry_port","data_go_kr_maritime","","SEA40511","사량_덕동","","not_searched","","not_searched","","excluded_composite_name"
"2026-09-30T06:15:20Z","ferry_port","data_go_kr_maritime","","SEA40512","사량_양지","","not_searched","","not_searched","","excluded_composite_name"
"2026-09-30T06:15:20Z","ferry_port","data_go_kr_maritime","","SEA40513","사량_옥동","","not_searched","","not_searched","","excluded_composite_name"
"2026-09-30T06:15:20Z","ferry_port","data_go_kr_maritime","","SEA40514","사량_능양","","not_searched","","not_searched","","excluded_composite_name"
"2026-09-30T06:15:20Z","ferry_port","data_go_kr_maritime","","SEA40515","사량_백학","","not_searched","","not_searched","","excluded_composite_name"
"2026-09-30T06:15:20Z","ferry_port","data_go_kr_maritime","","SEA40516","사량_내지","","not_searched","","not_searched","","excluded_composite_name"
"2026-09-30T06:15:20Z","ferry_port","data_go_kr_maritime","","SEA40530","상노대도","","no_unique_verified_match","2026-09-29T15:11:33.500836+00:00","no_unique_verified_match","2026-09-29T15:14:43.181123+00:00","no_unique_verified_match"
"2026-09-30T06:15:20Z","ferry_port","data_go_kr_maritime","","SEA40531","상노대","","no_unique_verified_match","2026-09-29T15:11:33.920842+00:00","no_unique_verified_match","2026-09-29T15:14:43.696498+00:00","no_unique_verified_match"
"2026-09-30T06:15:20Z","ferry_port","data_go_kr_maritime","","SEA40532","산등","","not_searched","","not_searched","","excluded_duplicate_name"
"2026-09-30T06:15:20Z","ferry_port","data_go_kr_maritime","","SEA40533","탄항","","no_unique_verified_match","2026-09-29T15:11:34.314488+00:00","no_unique_verified_match","2026-09-29T15:14:44.461898+00:00","no_unique_verified_match"
"2026-09-30T06:15:20Z","ferry_port","data_go_kr_maritime","","SEA40551","소매물도_직","","not_searched","","not_searched","","excluded_composite_name"
"2026-09-30T06:15:20Z","ferry_port","data_go_kr_maritime","","SEA40570","송도_통영시","","not_searched","","not_searched","","excluded_composite_name"
"2026-09-30T06:15:20Z","ferry_port","data_go_kr_maritime","","SEA40610","연대도","","no_unique_verified_match","2026-09-29T15:11:35.237469+00:00","no_unique_verified_match","2026-09-29T15:14:45.975359+00:00","no_unique_verified_match"
"2026-09-30T06:15:20Z","ferry_port","data_go_kr_maritime","","SEA40630","연화도","","no_unique_verified_match","2026-09-29T15:11:35.540593+00:00","no_unique_verified_match","2026-09-29T15:14:46.53715+00:00","no_unique_verified_match"
"2026-09-30T06:15:20Z","ferry_port","data_go_kr_maritime","","SEA40670","욕지도","","no_unique_verified_match","2026-09-29T15:11:35.7963+00:00","no_unique_verified_match","2026-09-29T15:14:47.141929+00:00","no_unique_verified_match"
"2026-09-30T06:15:20Z","ferry_port","data_go_kr_maritime","","SEA40690","용초도","","no_unique_verified_match","2026-09-29T15:11:36.269616+00:00","no_unique_verified_match","2026-09-29T15:14:47.661013+00:00","no_unique_verified_match"
"2026-09-30T06:15:20Z","ferry_port","data_go_kr_maritime","","SEA40691","용초_용초","","not_searched","","not_searched","","excluded_composite_name"
"2026-09-30T06:15:20Z","ferry_port","data_go_kr_maritime","","SEA40692","용초_호두","","not_searched","","not_searched","","excluded_composite_name"
"2026-09-30T06:15:20Z","ferry_port","data_go_kr_maritime","","SEA40693","용초_순환","","not_searched","","not_searched","","excluded_composite_name"
"2026-09-30T06:15:20Z","ferry_port","data_go_kr_maritime","","SEA40710","우도_통영","","not_searched","","not_searched","","excluded_composite_name"
"2026-09-30T06:15:20Z","ferry_port","data_go_kr_maritime","","SEA40790","장사도","","not_searched","","not_searched","","excluded_duplicate_name"
"2026-09-30T06:15:20Z","ferry_port","data_go_kr_maritime","","SEA40830","저도_산양면","","not_searched","","not_searched","","excluded_composite_name"
"2026-09-30T06:15:20Z","ferry_port","data_go_kr_maritime","","SEA40870","조도","","not_searched","","not_searched","","excluded_duplicate_name"
"2026-09-30T06:15:20Z","ferry_port","data_go_kr_maritime","","SEA40890","좌도","","no_unique_verified_match","2026-09-29T15:11:37.592511+00:00","no_unique_verified_match","2026-09-29T15:14:49.544617+00:00","no_unique_verified_match"
"2026-09-30T06:15:20Z","ferry_port","data_go_kr_maritime","","SEA40891","좌도_서좌","","not_searched","","not_searched","","excluded_composite_name"
"2026-09-30T06:15:20Z","ferry_port","data_go_kr_maritime","","SEA40892","좌도_동좌","","not_searched","","not_searched","","excluded_composite_name"
"2026-09-30T06:15:20Z","ferry_port","data_go_kr_maritime","","SEA40910","죽도_통영시","","not_searched","","not_searched","","excluded_composite_name"
"2026-09-30T06:15:20Z","ferry_port","data_go_kr_maritime","","SEA40931","진해_안골","","not_searched","","not_searched","","excluded_composite_name"
"2026-09-30T06:15:20Z","ferry_port","data_go_kr_maritime","","SEA40932","진해_속천","","not_searched","","not_searched","","excluded_composite_name"
"2026-09-30T06:15:20Z","ferry_port","data_go_kr_maritime","","SEA40950","추도_통영시","","not_searched","","not_searched","","excluded_composite_name"
"2026-09-30T06:15:20Z","ferry_port","data_go_kr_maritime","","SEA40951","추도대항(한목)","","no_unique_verified_match","2026-09-29T15:11:38.939627+00:00","no_unique_verified_match","2026-09-29T15:14:51.639906+00:00","no_unique_verified_match"
"2026-09-30T06:15:20Z","ferry_port","data_go_kr_maritime","","SEA40952","추도_미조","","not_searched","","not_searched","","excluded_composite_name"
"2026-09-30T06:15:20Z","ferry_port","data_go_kr_maritime","","SEA40970","추봉도","","no_unique_verified_match","2026-09-29T15:11:39.330016+00:00","no_unique_verified_match","2026-09-29T15:14:52.162663+00:00","no_unique_verified_match"
"2026-09-30T06:15:20Z","ferry_port","data_go_kr_maritime","","SEA40971","추봉_봉암","","not_searched","","not_searched","","excluded_composite_name"
"2026-09-30T06:15:20Z","ferry_port","data_go_kr_maritime","","SEA40990","칠천도","","no_unique_verified_match","2026-09-29T15:11:39.533068+00:00","no_unique_verified_match","2026-09-29T15:14:52.712664+00:00","no_unique_verified_match"
"2026-09-30T06:15:20Z","ferry_port","data_go_kr_maritime","","SEA40991","칠천_대곡","","not_searched","","not_searched","","excluded_composite_name"
"2026-09-30T06:15:20Z","ferry_port","data_go_kr_maritime","","SEA41050","한산도","","no_unique_verified_match","2026-09-29T15:11:39.982066+00:00","no_unique_verified_match","2026-09-29T15:14:54.089599+00:00","no_unique_verified_match"
"2026-09-30T06:15:20Z","ferry_port","data_go_kr_maritime","","SEA41051","한산_두억","","not_searched","","not_searched","","excluded_composite_name"
"2026-09-30T06:15:20Z","ferry_port","data_go_kr_maritime","","SEA41052","한산_야소","","not_searched","","not_searched","","excluded_composite_name"
"2026-09-30T06:15:20Z","ferry_port","data_go_kr_maritime","","SEA41053","한산_여차","","not_searched","","not_searched","","excluded_composite_name"
"2026-09-30T06:15:20Z","ferry_port","data_go_kr_maritime","","SEA41054","한산_의암","","not_searched","","not_searched","","excluded_composite_name"
"2026-09-30T06:15:20Z","ferry_port","data_go_kr_maritime","","SEA41055","한산_진두","","not_searched","","not_searched","","excluded_composite_name"
"2026-09-30T06:15:20Z","ferry_port","data_go_kr_maritime","","SEA41056","한산_창동","","not_searched","","not_searched","","excluded_composite_name"
"2026-09-30T06:15:20Z","ferry_port","data_go_kr_maritime","","SEA41057","한산_관암","","not_searched","","not_searched","","excluded_composite_name"
"2026-09-30T06:15:20Z","ferry_port","data_go_kr_maritime","","SEA41058","한산_하포","","not_searched","","not_searched","","excluded_composite_name"
"2026-09-30T06:15:20Z","ferry_port","data_go_kr_maritime","","SEA41059","한산_소고포","","not_searched","","not_searched","","excluded_composite_name"
"2026-09-30T06:15:20Z","ferry_port","data_go_kr_maritime","","SEA41090","화도(거제시)","","no_unique_verified_match","2026-09-29T15:11:40.655828+00:00","no_unique_verified_match","2026-09-29T15:14:56.121731+00:00","no_unique_verified_match"
"2026-09-30T06:15:20Z","ferry_port","data_go_kr_maritime","","SEA42011","부산_연안부두","","not_searched","","not_searched","","excluded_composite_name"
"2026-09-30T06:15:20Z","ferry_port","data_go_kr_maritime","","SEA43110","울릉도","","no_unique_verified_match","2026-09-29T15:11:18.381102+00:00","no_unique_verified_match","2026-09-29T15:14:29.803992+00:00","no_unique_verified_match"
"2026-09-30T06:15:20Z","ferry_port","data_go_kr_maritime","","SEA43111","울릉_저동","","not_searched","","not_searched","","excluded_composite_name"
"2026-09-30T06:15:20Z","ferry_port","data_go_kr_maritime","","SEA43112","울릉_사동","","not_searched","","not_searched","","excluded_composite_name"
"2026-09-30T06:15:20Z","ferry_port","data_go_kr_maritime","","SEA43113","울릉_도동","","not_searched","","not_searched","","excluded_composite_name"
"2026-09-30T06:15:20Z","ferry_port","data_go_kr_maritime","","SEA44050","속초","","no_unique_verified_match","2026-09-29T15:11:08.104484+00:00","incomplete_page","2026-09-29T15:14:15.774988+00:00","incomplete_page"
"2026-09-30T06:15:20Z","ferry_port","data_go_kr_maritime","","SEA44510","장진","","no_unique_verified_match","2026-09-29T15:11:08.409429+00:00","no_unique_verified_match","2026-09-29T15:14:16.345017+00:00","no_unique_verified_match"
"2026-09-30T06:15:20Z","ferry_port","data_go_kr_maritime","","SEA45110","상추자도","","no_unique_verified_match","2026-09-29T15:13:04.025936+00:00","no_unique_verified_match","2026-09-29T15:18:57.181996+00:00","no_unique_verified_match"
"2026-09-30T06:15:20Z","ferry_port","data_go_kr_maritime","","SEA45130","하추자도","","no_unique_verified_match","2026-09-29T15:13:04.123649+00:00","no_unique_verified_match","2026-09-29T15:18:57.488711+00:00","no_unique_verified_match"
"2026-09-30T06:15:20Z","ferry_port","data_go_kr_maritime","","SEA45131","하추자도_신양","","not_searched","","not_searched","","excluded_composite_name"
"2026-09-30T06:15:20Z","ferry_port","data_go_kr_maritime","","SEA45150","가파도","","no_unique_verified_match","2026-09-29T15:13:04.283801+00:00","no_unique_verified_match","2026-09-29T15:18:57.736983+00:00","no_unique_verified_match"
"2026-09-30T06:15:20Z","ferry_port","data_go_kr_maritime","","SEA45170","마라도","","no_unique_verified_match","2026-09-29T15:13:04.399508+00:00","no_unique_verified_match","2026-09-29T15:18:58.051777+00:00","no_unique_verified_match"
"2026-09-30T06:15:20Z","ferry_port","data_go_kr_maritime","","SEA45171","마라_살레덕","","not_searched","","not_searched","","excluded_composite_name"
"2026-09-30T06:15:20Z","ferry_port","data_go_kr_maritime","","SEA45172","마라_자리덕","","not_searched","","not_searched","","excluded_composite_name"
"2026-09-30T06:15:20Z","ferry_port","data_go_kr_maritime","","SEA50111","여수엑스포(순회)","","no_unique_verified_match","2026-09-29T15:12:52.7747+00:00","no_unique_verified_match","2026-09-29T15:18:14.361988+00:00","no_unique_verified_match"
"2026-09-30T06:15:20Z","ferry_port","data_go_kr_maritime","","SEA94310","고성-용암포","","no_unique_verified_match","2026-09-29T15:11:41.001685+00:00","no_unique_verified_match","2026-09-29T15:14:57.441882+00:00","no_unique_verified_match"
"2026-09-30T06:15:20Z","ferry_port","data_go_kr_maritime","","SEA95010","거제_고현","","not_searched","","not_searched","","excluded_composite_name"
"2026-09-30T06:15:20Z","ferry_port","data_go_kr_maritime","","SEA95030","실전_거제","","not_searched","","not_searched","","excluded_composite_name"
"2026-09-30T06:15:20Z","ferry_port","data_go_kr_maritime","","SEA95050","거제_옥포","","not_searched","","not_searched","","excluded_composite_name"
"2026-09-30T06:15:20Z","ferry_port","data_go_kr_maritime","","SEA95070","장목_거제","","not_searched","","not_searched","","excluded_composite_name"
"2026-09-30T06:15:20Z","ferry_port","data_go_kr_maritime","","SEA95090","거제_장승포","","not_searched","","not_searched","","excluded_composite_name"
"2026-09-30T06:15:20Z","ferry_port","data_go_kr_maritime","","SEA95210","한산_의항","","not_searched","","not_searched","","excluded_composite_name"
"2026-09-30T06:15:20Z","ferry_port","data_go_kr_maritime","","SEA95230","한산_제승당","","not_searched","","not_searched","","excluded_composite_name"
"2026-09-30T06:15:20Z","ferry_port","data_go_kr_maritime","","SEA95310","사량_금평","","not_searched","","not_searched","","excluded_composite_name"
"2026-09-30T06:15:20Z","ferry_port","data_go_kr_maritime","","SEA95311","사량_진촌","","not_searched","","not_searched","","excluded_composite_name"
"2026-09-30T06:15:20Z","ferry_port","data_go_kr_maritime","","SEA95312","사량_대항","","not_searched","","not_searched","","excluded_composite_name"
"2026-09-30T06:15:20Z","ferry_port","data_go_kr_maritime","","SEA95330","사량_읍덕","","not_searched","","not_searched","","excluded_composite_name"
"2026-09-30T06:15:20Z","ferry_port","data_go_kr_maritime","","SEA95510","부산_해운대","","not_searched","","not_searched","","excluded_composite_name"
"2026-09-30T06:15:20Z","ferry_port","data_go_kr_maritime","","SEA95520","자갈치시장","","no_unique_verified_match","2026-09-29T15:10:44.758642+00:00","no_unique_verified_match","2026-09-29T15:13:40.827094+00:00","no_unique_verified_match"
"2026-09-30T06:15:20Z","ferry_port","data_go_kr_maritime","","SEA95521","자갈치시장(순회)","","no_unique_verified_match","2026-09-29T15:10:44.85008+00:00","no_unique_verified_match","2026-09-29T15:13:41.089784+00:00","no_unique_verified_match"
"2026-09-30T06:15:20Z","ferry_port","data_go_kr_maritime","","SEA95530","부산_중앙동","","not_searched","","not_searched","","excluded_composite_name"
"2026-09-30T06:15:20Z","ferry_port","data_go_kr_maritime","","SEA95540","부산_송도동섬","","not_searched","","not_searched","","excluded_composite_name"
"2026-09-30T06:15:20Z","ferry_port","data_go_kr_maritime","","SEA95550","해경부두","","no_unique_verified_match","2026-09-29T15:10:45.218588+00:00","no_unique_verified_match","2026-09-29T15:13:41.943144+00:00","no_unique_verified_match"
"2026-09-30T06:15:20Z","ferry_port","data_go_kr_maritime","","SEA95551","해경부두(순회)","","no_unique_verified_match","2026-09-29T15:10:45.830342+00:00","no_unique_verified_match","2026-09-29T15:13:42.473707+00:00","no_unique_verified_match"
"2026-09-30T06:15:20Z","ferry_port","data_go_kr_maritime","","SEA96010","제주_서귀포","","not_searched","","not_searched","","excluded_composite_name"
"2026-09-30T06:15:20Z","ferry_port","data_go_kr_maritime","","SEA96030","제주_모슬포(운진항)","","not_searched","","not_searched","","excluded_composite_name"
"2026-09-30T06:15:20Z","ferry_port","data_go_kr_maritime","","SEA96040","추엽도","","no_unique_verified_match","2026-09-29T15:12:52.894619+00:00","no_unique_verified_match","2026-09-29T15:18:15.405636+00:00","no_unique_verified_match"
"2026-09-30T06:15:20Z","ferry_port","data_go_kr_maritime","","SEA96041","추엽_추포","","not_searched","","not_searched","","excluded_composite_name"
"2026-09-30T06:15:20Z","ferry_port","data_go_kr_maritime","","SEA96060","금오_우학","","not_searched","","not_searched","","excluded_composite_name"
"2026-09-30T06:15:20Z","ferry_port","data_go_kr_maritime","","SEA96070","금오_여천","","not_searched","","not_searched","","excluded_composite_name"
"2026-09-30T06:15:20Z","ferry_port","data_go_kr_maritime","","SEA96080","금오_유송","","not_searched","","not_searched","","excluded_composite_name"
"2026-09-30T06:15:20Z","ferry_port","data_go_kr_maritime","","SEA96090","심장","","no_unique_verified_match","2026-09-29T15:12:53.374802+00:00","no_unique_verified_match","2026-09-29T15:18:18.065832+00:00","no_unique_verified_match"
"2026-09-30T06:15:20Z","ferry_port","data_go_kr_maritime","","SEA96110","역포","","no_unique_verified_match","2026-09-29T15:12:53.59078+00:00","incomplete_page","2026-09-29T15:18:19.396929+00:00","incomplete_page"
"2026-09-30T06:15:20Z","ferry_port","data_go_kr_maritime","","SEA96130","라배도","","no_unique_verified_match","2026-09-29T15:12:53.815967+00:00","no_unique_verified_match","2026-09-29T15:18:20.831578+00:00","no_unique_verified_match"
"2026-09-30T06:15:20Z","ferry_port","data_go_kr_maritime","","SEA96141","여수_신월","","not_searched","","not_searched","","excluded_composite_name"
"2026-09-30T06:15:20Z","ferry_port","data_go_kr_maritime","","SEA96160","축정","","no_unique_verified_match","2026-09-29T15:12:54.088419+00:00","no_unique_verified_match","2026-09-29T15:18:22.059913+00:00","no_unique_verified_match"
"2026-09-30T06:15:20Z","ferry_port","data_go_kr_maritime","","SEA96170","문어포","","no_unique_verified_match","2026-09-29T15:11:42.823685+00:00","incomplete_page","2026-09-29T15:15:01.753826+00:00","incomplete_page"
"2026-09-30T06:15:20Z","ferry_port","data_go_kr_maritime","","SEA96180","학림","","no_unique_verified_match","2026-09-29T15:11:43.335409+00:00","no_unique_verified_match","2026-09-29T15:15:02.579511+00:00","no_unique_verified_match"
"2026-09-30T06:15:20Z","ferry_port","data_go_kr_maritime","","SEA96200","오곡도","","no_unique_verified_match","2026-09-29T15:11:44.063087+00:00","no_unique_verified_match","2026-09-29T15:15:03.313564+00:00","no_unique_verified_match"
"2026-09-30T06:15:20Z","ferry_port","data_go_kr_maritime","","SEA96210","산등","","not_searched","","not_searched","","excluded_duplicate_name"
"2026-09-30T06:15:20Z","ferry_port","data_go_kr_maritime","","SEA96221","삼천포_순회","","not_searched","","not_searched","","excluded_composite_name"
"2026-09-30T06:15:20Z","ferry_port","data_go_kr_maritime","","SEA96222","삼천포_팔포","","not_searched","","not_searched","","excluded_composite_name"
"2026-09-30T06:15:20Z","ferry_port","data_go_kr_maritime","","SEA96230","욕지_고려","","not_searched","","not_searched","","excluded_composite_name"
"2026-09-30T06:15:20Z","ferry_port","data_go_kr_maritime","","SEA96250","부산_태종대","","not_searched","","not_searched","","excluded_composite_name"
"2026-09-30T06:15:20Z","ferry_port","data_go_kr_maritime","","SEA96260","돝섬","","no_unique_verified_match","2026-09-29T15:11:48.048434+00:00","no_unique_verified_match","2026-09-29T15:15:05.168057+00:00","no_unique_verified_match"
"2026-09-30T06:15:20Z","ferry_port","data_go_kr_maritime","","SEA96270","백도","","no_unique_verified_match","2026-09-29T15:12:54.361924+00:00","no_unique_verified_match","2026-09-29T15:18:22.896901+00:00","no_unique_verified_match"
"2026-09-30T06:15:20Z","ferry_port","data_go_kr_maritime","","SEA96290","망덕","","no_unique_verified_match","2026-09-29T15:12:54.488173+00:00","no_unique_verified_match","2026-09-29T15:18:23.696561+00:00","no_unique_verified_match"
"2026-09-30T06:15:20Z","ferry_port","data_go_kr_maritime","","SEA96300","하동","","no_unique_verified_match","2026-09-29T15:11:48.829031+00:00","incomplete_page","2026-09-29T15:15:06.647007+00:00","incomplete_page"
"2026-09-30T06:15:20Z","ferry_port","data_go_kr_maritime","","SEA96310","제주_성산포","","not_searched","","not_searched","","excluded_composite_name"
"2026-09-30T06:15:20Z","ferry_port","data_go_kr_maritime","","SEA96321","향일암(순회)","","no_unique_verified_match","2026-09-29T15:12:54.676499+00:00","no_unique_verified_match","2026-09-29T15:18:25.352031+00:00","no_unique_verified_match"
"2026-09-30T06:15:20Z","ferry_port","data_go_kr_maritime","","SEA96331","독도(편도)","","no_unique_verified_match","2026-09-29T15:11:19.772974+00:00","no_unique_verified_match","2026-09-29T15:14:31.16171+00:00","no_unique_verified_match"
"2026-09-30T06:15:20Z","ferry_port","data_go_kr_maritime","","SEA96340","삼덕(당포)","","no_unique_verified_match","2026-09-29T15:11:49.000539+00:00","no_unique_verified_match","2026-09-29T15:15:07.238494+00:00","no_unique_verified_match"
"2026-09-30T06:15:20Z","ferry_port","data_go_kr_maritime","","SEA96350","비금-도초","","no_unique_verified_match","2026-09-29T15:12:54.797382+00:00","no_unique_verified_match","2026-09-29T15:18:26.144582+00:00","no_unique_verified_match"
"2026-09-30T06:15:20Z","ferry_port","data_go_kr_maritime","","SEA96380","굴업도","","no_unique_verified_match","2026-09-29T15:10:56.625666+00:00","no_unique_verified_match","2026-09-29T15:13:54.441024+00:00","no_unique_verified_match"
"2026-09-30T06:15:20Z","ferry_port","data_go_kr_maritime","","SEA96400","지도_옹진군","","not_searched","","not_searched","","excluded_composite_name"
"2026-09-30T06:15:20Z","ferry_port","data_go_kr_maritime","","SEA96420","눌옥도","","not_searched","","not_searched","","excluded_duplicate_name"
"2026-09-30T06:15:20Z","ferry_port","data_go_kr_maritime","","SEA96440","모도_진도군","","not_searched","","not_searched","","excluded_composite_name"
"2026-09-30T06:15:20Z","ferry_port","data_go_kr_maritime","","SEA96441","모도_모서리","","not_searched","","not_searched","","excluded_composite_name"
"2026-09-30T06:15:20Z","ferry_port","data_go_kr_maritime","","SEA96442","모도_모동리","","not_searched","","not_searched","","excluded_composite_name"
"2026-09-30T06:15:20Z","ferry_port","data_go_kr_maritime","","SEA96500","볼음도","","no_unique_verified_match","2026-09-29T15:10:58.685522+00:00","no_unique_verified_match","2026-09-29T15:13:57.386283+00:00","no_unique_verified_match"
"2026-09-30T06:15:20Z","ferry_port","data_go_kr_maritime","","SEA96510","아차도","","no_unique_verified_match","2026-09-29T15:10:58.985635+00:00","no_unique_verified_match","2026-09-29T15:13:57.973758+00:00","no_unique_verified_match"
"2026-09-30T06:15:20Z","ferry_port","data_go_kr_maritime","","SEA96520","주문도","","no_unique_verified_match","2026-09-29T15:10:59.188965+00:00","no_unique_verified_match","2026-09-29T15:13:58.529415+00:00","no_unique_verified_match"
"2026-09-30T06:15:20Z","ferry_port","data_go_kr_maritime","","SEA96521","주문_살곶이","","not_searched","","not_searched","","excluded_composite_name"
"2026-09-30T06:15:20Z","ferry_port","data_go_kr_maritime","","SEA96522","주문_느리","","not_searched","","not_searched","","excluded_composite_name"
"2026-09-30T06:15:20Z","ferry_port","data_go_kr_maritime","","SEA96530","서도/동도","","no_unique_verified_match","2026-09-29T15:12:55.60689+00:00","no_unique_verified_match","2026-09-29T15:18:28.509741+00:00","no_unique_verified_match"
"2026-09-30T06:15:20Z","ferry_port","data_go_kr_maritime","","SEA96540","육도","","not_searched","","not_searched","","excluded_duplicate_name"
"2026-09-30T06:15:20Z","ferry_port","data_go_kr_maritime","","SEA96570","기섬","","no_unique_verified_match","2026-09-29T15:12:55.91751+00:00","no_unique_verified_match","2026-09-29T15:18:30.329353+00:00","no_unique_verified_match"
"2026-09-30T06:15:20Z","ferry_port","data_go_kr_maritime","","SEA96580","목포_북항","","not_searched","","not_searched","","excluded_composite_name"
"2026-09-30T06:15:20Z","ferry_port","data_go_kr_maritime","","SEA96590","금오도_함구미","","not_searched","","not_searched","","excluded_composite_name"
"2026-09-30T06:15:20Z","ferry_port","data_go_kr_maritime","","SEA96600","금오도_송고","","not_searched","","not_searched","","excluded_composite_name"
"2026-09-30T06:15:20Z","ferry_port","data_go_kr_maritime","","SEA96610","여수_사설","","not_searched","","not_searched","","excluded_composite_name"
"2026-09-30T06:15:20Z","ferry_port","data_go_kr_maritime","","SEA96614","여수_박람회장","","not_searched","","not_searched","","excluded_composite_name"
"2026-09-30T06:15:20Z","ferry_port","data_go_kr_maritime","","SEA96615","여수_웅천","","not_searched","","not_searched","","excluded_composite_name"
"2026-09-30T06:15:20Z","ferry_port","data_go_kr_maritime","","SEA96616","여수_웅천(순회)","","not_searched","","not_searched","","excluded_composite_name"
"2026-09-30T06:15:20Z","ferry_port","data_go_kr_maritime","","SEA96640","연흥","","no_unique_verified_match","2026-09-29T15:12:56.83264+00:00","no_unique_verified_match","2026-09-29T15:18:35.764363+00:00","no_unique_verified_match"
"2026-09-30T06:15:20Z","ferry_port","data_go_kr_maritime","","SEA96650","금산_금진","","not_searched","","not_searched","","excluded_composite_name"
"2026-09-30T06:15:20Z","ferry_port","data_go_kr_maritime","","SEA96651","금산_우두","","not_searched","","not_searched","","excluded_composite_name"
"2026-09-30T06:15:20Z","ferry_port","data_go_kr_maritime","","SEA96670","마량","","no_unique_verified_match","2026-09-29T15:12:57.433961+00:00","no_unique_verified_match","2026-09-29T15:18:37.834699+00:00","no_unique_verified_match"
"2026-09-30T06:15:20Z","ferry_port","data_go_kr_maritime","","SEA96700","삼목","","no_unique_verified_match","2026-09-29T15:11:00.113193+00:00","no_unique_verified_match","2026-09-29T15:14:00.111002+00:00","no_unique_verified_match"
"2026-09-30T06:15:20Z","ferry_port","data_go_kr_maritime","","SEA96701","삼목_왕복","","not_searched","","not_searched","","excluded_composite_name"
"2026-09-30T06:15:20Z","ferry_port","data_go_kr_maritime","","SEA96710","신도_옹진군","","not_searched","","not_searched","","excluded_composite_name"
"2026-09-30T06:15:20Z","ferry_port","data_go_kr_maritime","","SEA96711","신도_왕복","","not_searched","","not_searched","","excluded_composite_name"
"2026-09-30T06:15:20Z","ferry_port","data_go_kr_maritime","","SEA96720","장봉도","","no_unique_verified_match","2026-09-29T15:11:00.820987+00:00","no_unique_verified_match","2026-09-29T15:14:01.562319+00:00","no_unique_verified_match"
"2026-09-30T06:15:20Z","ferry_port","data_go_kr_maritime","","SEA96730","산월","","no_unique_verified_match","2026-09-29T15:12:57.758735+00:00","incomplete_page","2026-09-29T15:18:39.262393+00:00","incomplete_page"
"2026-09-30T06:15:20Z","ferry_port","data_go_kr_maritime","","SEA96740","효지도","","no_unique_verified_match","2026-09-29T15:12:57.956903+00:00","no_unique_verified_match","2026-09-29T15:18:39.985769+00:00","no_unique_verified_match"
"2026-09-30T06:15:20Z","ferry_port","data_go_kr_maritime","","SEA96750","압해도","","no_unique_verified_match","2026-09-29T15:12:58.067898+00:00","no_unique_verified_match","2026-09-29T15:18:40.598004+00:00","no_unique_verified_match"
"2026-09-30T06:15:20Z","ferry_port","data_go_kr_maritime","","SEA96751","압해_가룡","","not_searched","","not_searched","","excluded_composite_name"
"2026-09-30T06:15:20Z","ferry_port","data_go_kr_maritime","","SEA96752","압해_가룡(도착)","","not_searched","","not_searched","","excluded_composite_name"
"2026-09-30T06:15:20Z","ferry_port","data_go_kr_maritime","","SEA96760","상태_신의","","not_searched","","not_searched","","excluded_composite_name"
"2026-09-30T06:15:20Z","ferry_port","data_go_kr_maritime","","SEA96761","상태_서리","","not_searched","","not_searched","","excluded_composite_name"
"2026-09-30T06:15:20Z","ferry_port","data_go_kr_maritime","","SEA96762","상태_동리","","not_searched","","not_searched","","excluded_composite_name"
"2026-09-30T06:15:20Z","ferry_port","data_go_kr_maritime","","SEA96770","교동도","","no_unique_verified_match","2026-09-29T15:11:01.132404+00:00","no_unique_verified_match","2026-09-29T15:14:02.126662+00:00","no_unique_verified_match"
"2026-09-30T06:15:20Z","ferry_port","data_go_kr_maritime","","SEA96780","말도_강화군","","not_searched","","not_searched","","excluded_composite_name"
"2026-09-30T06:15:20Z","ferry_port","data_go_kr_maritime","","SEA96790","대장도","","no_unique_verified_match","2026-09-29T15:12:12.215522+00:00","no_unique_verified_match","2026-09-29T15:15:37.696793+00:00","no_unique_verified_match"
"2026-09-30T06:15:20Z","ferry_port","data_go_kr_maritime","","SEA96800","두리도","","no_unique_verified_match","2026-09-29T15:12:12.27152+00:00","no_unique_verified_match","2026-09-29T15:15:38.296751+00:00","no_unique_verified_match"
"2026-09-30T06:15:20Z","ferry_port","data_go_kr_maritime","","SEA96810","시도","","no_unique_verified_match","2026-09-29T15:11:01.658411+00:00","no_unique_verified_match","2026-09-29T15:14:02.979987+00:00","no_unique_verified_match"
"2026-09-30T06:15:20Z","ferry_port","data_go_kr_maritime","","SEA96820","모도_옹진군","","not_searched","","not_searched","","excluded_composite_name"
"2026-09-30T06:15:20Z","ferry_port","data_go_kr_maritime","","SEA96830","삼산면","","no_unique_verified_match","2026-09-29T15:12:58.726997+00:00","no_unique_verified_match","2026-09-29T15:18:42.846463+00:00","no_unique_verified_match"
"2026-09-30T06:15:20Z","ferry_port","data_go_kr_maritime","","SEA96840","용호도","","no_unique_verified_match","2026-09-29T15:11:50.346038+00:00","no_unique_verified_match","2026-09-29T15:15:09.093987+00:00","no_unique_verified_match"
"2026-09-30T06:15:20Z","ferry_port","data_go_kr_maritime","","SEA96850","석모도","","no_unique_verified_match","2026-09-29T15:11:02.056378+00:00","no_unique_verified_match","2026-09-29T15:14:03.852918+00:00","no_unique_verified_match"
"2026-09-30T06:15:20Z","ferry_port","data_go_kr_maritime","","SEA96851","석모도_석포","","not_searched","","not_searched","","excluded_composite_name"
"2026-09-30T06:15:20Z","ferry_port","data_go_kr_maritime","","SEA96852","석모도_보문","","not_searched","","not_searched","","excluded_composite_name"
"2026-09-30T06:15:20Z","ferry_port","data_go_kr_maritime","","SEA96860","국도","","no_unique_verified_match","2026-09-29T15:11:50.93558+00:00","no_unique_verified_match","2026-09-29T15:15:09.897008+00:00","no_unique_verified_match"
"2026-09-30T06:15:20Z","ferry_port","data_go_kr_maritime","","SEA96870","갈도","","no_unique_verified_match","2026-09-29T15:11:51.227991+00:00","no_unique_verified_match","2026-09-29T15:15:11.156347+00:00","no_unique_verified_match"
"2026-09-30T06:15:20Z","ferry_port","data_go_kr_maritime","","SEA96880","가왕도","","no_unique_verified_match","2026-09-29T15:11:52.661379+00:00","no_unique_verified_match","2026-09-29T15:15:11.915823+00:00","no_unique_verified_match"
"2026-09-30T06:15:20Z","ferry_port","data_go_kr_maritime","","SEA96890","곤리도","","no_unique_verified_match","2026-09-29T15:11:53.459918+00:00","no_unique_verified_match","2026-09-29T15:15:12.775994+00:00","no_unique_verified_match"
"2026-09-30T06:15:20Z","ferry_port","data_go_kr_maritime","","SEA96900","오비도","","no_unique_verified_match","2026-09-29T15:11:54.411783+00:00","no_unique_verified_match","2026-09-29T15:15:13.601852+00:00","no_unique_verified_match"
"2026-09-30T06:15:20Z","ferry_port","data_go_kr_maritime","","SEA96910","상하낙월도","","no_unique_verified_match","2026-09-29T15:12:58.840629+00:00","no_unique_verified_match","2026-09-29T15:18:43.562326+00:00","no_unique_verified_match"
"2026-09-30T06:15:20Z","ferry_port","data_go_kr_maritime","","SEA96920","추자도","","no_unique_verified_match","2026-09-29T15:13:04.761491+00:00","no_unique_verified_match","2026-09-29T15:18:58.459511+00:00","no_unique_verified_match"
"2026-09-30T06:15:20Z","ferry_port","data_go_kr_maritime","","SEA96930","태도","","no_unique_verified_match","2026-09-29T15:12:58.94425+00:00","no_unique_verified_match","2026-09-29T15:18:44.389672+00:00","no_unique_verified_match"
"2026-09-30T06:15:20Z","ferry_port","data_go_kr_maritime","","SEA96940","화정면","","no_unique_verified_match","2026-09-29T15:12:59.062627+00:00","incomplete_page","2026-09-29T15:18:45.160251+00:00","incomplete_page"
"2026-09-30T06:15:20Z","ferry_port","data_go_kr_maritime","","SEA96950","신안읍","","no_unique_verified_match","2026-09-29T15:12:59.178497+00:00","no_unique_verified_match","2026-09-29T15:18:45.970996+00:00","no_unique_verified_match"
"2026-09-30T06:15:20Z","ferry_port","data_go_kr_maritime","","SEA96960","두라도","","no_unique_verified_match","2026-09-29T15:12:59.428066+00:00","no_unique_verified_match","2026-09-29T15:18:46.612972+00:00","no_unique_verified_match"
"2026-09-30T06:15:20Z","ferry_port","data_go_kr_maritime","","SEA96980","상도","","no_unique_verified_match","2026-09-29T15:11:55.141468+00:00","no_unique_verified_match","2026-09-29T15:15:14.607993+00:00","no_unique_verified_match"
"2026-09-30T06:15:20Z","ferry_port","data_go_kr_maritime","","SEA96990","하도","","no_unique_verified_match","2026-09-29T15:11:56.048571+00:00","no_unique_verified_match","2026-09-29T15:15:15.366041+00:00","no_unique_verified_match"
"2026-09-30T06:15:20Z","ferry_port","data_go_kr_maritime","","SEA97000","수우도","","no_unique_verified_match","2026-09-29T15:11:56.849041+00:00","no_unique_verified_match","2026-09-29T15:15:16.199957+00:00","no_unique_verified_match"
"2026-09-30T06:15:20Z","ferry_port","data_go_kr_maritime","","SEA97001","수우도_순회","","not_searched","","not_searched","","excluded_composite_name"
"2026-09-30T06:15:20Z","ferry_port","data_go_kr_maritime","","SEA97010","낭도_여산","","not_searched","","not_searched","","excluded_composite_name"
"2026-09-30T06:15:20Z","ferry_port","data_go_kr_maritime","","SEA97030","각시도","","no_unique_verified_match","2026-09-29T15:12:59.81658+00:00","no_unique_verified_match","2026-09-29T15:18:48.170631+00:00","no_unique_verified_match"
"2026-09-30T06:15:20Z","ferry_port","data_go_kr_maritime","","SEA97040","강독","","no_unique_verified_match","2026-09-29T15:12:59.920164+00:00","no_unique_verified_match","2026-09-29T15:18:48.989761+00:00","no_unique_verified_match"
"2026-09-30T06:15:20Z","ferry_port","data_go_kr_maritime","","SEA97050","무학도","","no_unique_verified_match","2026-09-29T15:13:00.031527+00:00","no_unique_verified_match","2026-09-29T15:18:49.608698+00:00","no_unique_verified_match"
"2026-09-30T06:15:20Z","ferry_port","data_go_kr_maritime","","SEA97060","거제_저구","","not_searched","","not_searched","","excluded_composite_name"
"2026-09-30T06:15:20Z","ferry_port","data_go_kr_maritime","","SEA97080","월선","","no_unique_verified_match","2026-09-29T15:11:03.078279+00:00","no_unique_verified_match","2026-09-29T15:14:06.191713+00:00","no_unique_verified_match"
"2026-09-30T06:15:20Z","ferry_port","data_go_kr_maritime","","SEA97090","선수","","no_unique_verified_match","2026-09-29T15:11:03.179859+00:00","no_unique_verified_match","2026-09-29T15:14:06.829217+00:00","no_unique_verified_match"
"2026-09-30T06:15:20Z","ferry_port","data_go_kr_maritime","","SEA97100","넙도_고금","","not_searched","","not_searched","","excluded_composite_name"
"2026-09-30T06:15:20Z","ferry_port","data_go_kr_maritime","","SEA97110","송도_신안군","","not_searched","","not_searched","","excluded_composite_name"
"2026-09-30T06:15:20Z","ferry_port","data_go_kr_maritime","","SEA97120","조도","","not_searched","","not_searched","","excluded_duplicate_name"
"2026-09-30T06:15:20Z","ferry_port","data_go_kr_maritime","","SEA97130","잠진도","","no_unique_verified_match","2026-09-29T15:11:03.489003+00:00","no_unique_verified_match","2026-09-29T15:14:07.599695+00:00","no_unique_verified_match"
"2026-09-30T06:15:20Z","ferry_port","data_go_kr_maritime","","SEA97140","대경도","","no_unique_verified_match","2026-09-29T15:13:00.38397+00:00","no_unique_verified_match","2026-09-29T15:18:50.662643+00:00","no_unique_verified_match"
"2026-09-30T06:15:20Z","ferry_port","data_go_kr_maritime","","SEA97151","소경도_소경","","not_searched","","not_searched","","excluded_composite_name"
"2026-09-30T06:15:20Z","ferry_port","data_go_kr_maritime","","SEA97160","금죽도","","no_unique_verified_match","2026-09-29T15:13:00.765248+00:00","no_unique_verified_match","2026-09-29T15:18:51.244813+00:00","no_unique_verified_match"
"2026-09-30T06:15:20Z","ferry_port","data_go_kr_maritime","","SEA97161","금죽도_금죽","","not_searched","","not_searched","","excluded_composite_name"
"2026-09-30T06:15:20Z","ferry_port","data_go_kr_maritime","","SEA97170","섬달천","","no_unique_verified_match","2026-09-29T15:13:00.952995+00:00","no_unique_verified_match","2026-09-29T15:18:51.563927+00:00","no_unique_verified_match"
"2026-09-30T06:15:20Z","ferry_port","data_go_kr_maritime","","SEA97171","섬달천_섬달","","not_searched","","not_searched","","excluded_composite_name"
"2026-09-30T06:15:20Z","ferry_port","data_go_kr_maritime","","SEA97180","여자도","","no_unique_verified_match","2026-09-29T15:13:01.134586+00:00","no_unique_verified_match","2026-09-29T15:18:51.907006+00:00","no_unique_verified_match"
"2026-09-30T06:15:20Z","ferry_port","data_go_kr_maritime","","SEA97181","여자도_대동","","not_searched","","not_searched","","excluded_composite_name"
"2026-09-30T06:15:20Z","ferry_port","data_go_kr_maritime","","SEA97182","여자도_마파","","not_searched","","not_searched","","excluded_composite_name"
"2026-09-30T06:15:20Z","ferry_port","data_go_kr_maritime","","SEA97191","송여자_여자","","not_searched","","not_searched","","excluded_composite_name"
"2026-09-30T06:15:20Z","ferry_port","data_go_kr_maritime","","SEA97200","묘도","","no_unique_verified_match","2026-09-29T15:13:01.663486+00:00","incomplete_page","2026-09-29T15:18:52.47362+00:00","incomplete_page"
"2026-09-30T06:15:20Z","ferry_port","data_go_kr_maritime","","SEA97210","매월","","no_unique_verified_match","2026-09-29T15:13:01.774671+00:00","no_unique_verified_match","2026-09-29T15:18:52.779344+00:00","no_unique_verified_match"
"2026-09-30T06:15:20Z","ferry_port","data_go_kr_maritime","","SEA97220","해간도","","no_unique_verified_match","2026-09-29T15:11:58.986752+00:00","no_unique_verified_match","2026-09-29T15:15:16.568963+00:00","no_unique_verified_match"
"2026-09-30T06:15:20Z","ferry_port","data_go_kr_maritime","","SEA97230","지도_통영시","","not_searched","","not_searched","","excluded_composite_name"
"2026-09-30T06:15:20Z","ferry_port","data_go_kr_maritime","","SEA97240","수도_통영시","","not_searched","","not_searched","","excluded_composite_name"
"2026-09-30T06:15:20Z","ferry_port","data_go_kr_maritime","","SEA97250","어의도_통영시","","not_searched","","not_searched","","excluded_composite_name"
"2026-09-30T06:15:20Z","ferry_port","data_go_kr_maritime","","SEA97260","읍도","","no_unique_verified_match","2026-09-29T15:12:00.942966+00:00","no_unique_verified_match","2026-09-29T15:15:18.610865+00:00","no_unique_verified_match"
"2026-09-30T06:15:20Z","ferry_port","data_go_kr_maritime","","SEA97270","연도_통영시","","not_searched","","not_searched","","excluded_composite_name"
"2026-09-30T06:15:20Z","ferry_port","data_go_kr_maritime","","SEA97280","입도","","no_unique_verified_match","2026-09-29T15:12:01.221622+00:00","no_unique_verified_match","2026-09-29T15:15:19.964558+00:00","no_unique_verified_match"
"2026-09-30T06:15:20Z","ferry_port","data_go_kr_maritime","","SEA97290","저도_광도면","","not_searched","","not_searched","","excluded_composite_name"
"2026-09-30T06:15:20Z","ferry_port","data_go_kr_maritime","","SEA97300","운두도","","no_unique_verified_match","2026-09-29T15:13:01.866582+00:00","no_unique_verified_match","2026-09-29T15:18:53.086013+00:00","no_unique_verified_match"
"2026-09-30T06:15:20Z","ferry_port","data_go_kr_maritime","","SEA97310","장도","","not_searched","","not_searched","","excluded_duplicate_name"
"2026-09-30T06:15:20Z","ferry_port","data_go_kr_maritime","","SEA97320","삼간도","","no_unique_verified_match","2026-09-29T15:13:02.029938+00:00","no_unique_verified_match","2026-09-29T15:18:53.392989+00:00","no_unique_verified_match"
"2026-09-30T06:15:20Z","ferry_port","data_go_kr_maritime","","SEA97330","우도_서산","","not_searched","","not_searched","","excluded_composite_name"
"2026-09-30T06:15:20Z","ferry_port","data_go_kr_maritime","","SEA97340","분점","","no_unique_verified_match","2026-09-29T15:11:17.219994+00:00","no_unique_verified_match","2026-09-29T15:14:28.231972+00:00","no_unique_verified_match"
"2026-09-30T06:15:20Z","ferry_port","data_go_kr_maritime","","SEA97350","외도_태안","","not_searched","","not_searched","","excluded_composite_name"
"2026-09-30T06:15:20Z","ferry_port","data_go_kr_maritime","","SEA97360","제주국제","","no_unique_verified_match","2026-09-29T15:13:04.983225+00:00","no_unique_verified_match","2026-09-29T15:18:58.717633+00:00","no_unique_verified_match"
"2026-09-30T06:15:20Z","ferry_port","data_go_kr_maritime","","SEA97370","목포국제","","not_searched","","not_searched","","excluded_duplicate_name"
"2026-09-30T06:15:20Z","ferry_port","data_go_kr_maritime","","SEA97390","월전","","no_unique_verified_match","2026-09-29T15:13:02.133846+00:00","no_unique_verified_match","2026-09-29T15:18:53.700716+00:00","no_unique_verified_match"
"2026-09-30T06:15:20Z","ferry_port","data_go_kr_maritime","","SEA97440","돌산_군내","","not_searched","","not_searched","","excluded_composite_name"
"2026-09-30T06:15:20Z","ferry_port","data_go_kr_maritime","","SEA97441","돌산_군내(역)","","not_searched","","not_searched","","excluded_composite_name"
"2026-09-30T06:15:20Z","ferry_port","data_go_kr_maritime","","SEA97450","서상_남해","","not_searched","","not_searched","","excluded_composite_name"
"2026-09-30T06:15:20Z","ferry_port","data_go_kr_maritime","","SEA97470","마산_어시장","","not_searched","","not_searched","","excluded_composite_name"
"2026-09-30T06:15:20Z","ferry_port","data_go_kr_maritime","","SEA97480","마산_신마산","","not_searched","","not_searched","","excluded_composite_name"
"2026-09-30T06:15:20Z","ferry_port","data_go_kr_maritime","","SEA97490","서산_삼길포","","not_searched","","not_searched","","excluded_composite_name"
"2026-09-30T06:15:20Z","ferry_port","data_go_kr_maritime","","SEA97510","해남우수영","","no_unique_verified_match","2026-09-29T15:13:03.116095+00:00","no_unique_verified_match","2026-09-29T15:18:55.596344+00:00","no_unique_verified_match"
"2026-09-30T06:15:20Z","ferry_port","data_go_kr_maritime","","SEA97511","해남우수영(왕복)","","no_unique_verified_match","2026-09-29T15:13:03.331328+00:00","no_unique_verified_match","2026-09-29T15:18:55.897496+00:00","no_unique_verified_match"
"2026-09-30T06:15:20Z","ferry_port","data_go_kr_maritime","","SEA97520","군산국제","","no_unique_verified_match","2026-09-29T15:12:12.461665+00:00","no_unique_verified_match","2026-09-29T15:15:38.860157+00:00","no_unique_verified_match"
"2026-09-30T06:15:20Z","ferry_port","data_go_kr_maritime","","SEA97530","제주_화순","","not_searched","","not_searched","","excluded_composite_name"
"2026-09-30T06:15:20Z","ferry_port","data_go_kr_maritime","","SEA97540","황청","","no_unique_verified_match","2026-09-29T15:11:03.769224+00:00","no_unique_verified_match","2026-09-29T15:14:08.099206+00:00","no_unique_verified_match"
"2026-09-30T06:15:20Z","ferry_port","data_go_kr_maritime","","SEA97551","이즈하라","","no_unique_verified_match","2026-09-29T15:13:05.331175+00:00","no_unique_verified_match","2026-09-29T15:18:59.025762+00:00","no_unique_verified_match"
"2026-09-30T06:15:20Z","ferry_port","data_go_kr_maritime","","SEA97552","히타카츠","","no_unique_verified_match","2026-09-29T15:13:05.424458+00:00","no_unique_verified_match","2026-09-29T15:18:59.435054+00:00","no_unique_verified_match"
"2026-09-30T06:15:20Z","ferry_port","data_go_kr_maritime","","SEA97560","부산_국제","","not_searched","","not_searched","","excluded_composite_name"
"2026-09-30T06:15:20Z","ferry_port","data_go_kr_maritime","","SEA97570","송공_순회","","not_searched","","not_searched","","excluded_composite_name"
"2026-09-30T06:15:20Z","ferry_port","data_go_kr_maritime","","SEA97580","백야도","","not_searched","","not_searched","","excluded_duplicate_name"
"2026-09-30T06:15:20Z","ferry_port","data_go_kr_maritime","","SEA97590","부산_용호동","","not_searched","","not_searched","","excluded_composite_name"
"2026-09-30T06:15:20Z","ferry_port","data_go_kr_maritime","","SEA97591","부산_용호동(순회)","","not_searched","","not_searched","","excluded_composite_name"
"2026-09-30T06:15:20Z","ferry_port","data_go_kr_maritime","","SEA97600","연안","","no_unique_verified_match","2026-09-29T15:11:04.101393+00:00","no_unique_verified_match","2026-09-29T15:14:08.663006+00:00","no_unique_verified_match"
"2026-09-30T06:15:20Z","ferry_port","data_go_kr_maritime","","SEA97610","정서진T","","no_unique_verified_match","2026-09-29T15:11:04.426808+00:00","no_unique_verified_match","2026-09-29T15:14:09.281978+00:00","no_unique_verified_match"
"2026-09-30T06:15:20Z","ferry_port","data_go_kr_maritime","","SEA97620","김포T","","no_unique_verified_match","2026-09-29T15:11:04.716515+00:00","no_unique_verified_match","2026-09-29T15:14:09.842982+00:00","no_unique_verified_match"
"2026-09-30T06:15:20Z","ferry_port","data_go_kr_maritime","","SEA97630","정서진T 순회","","no_unique_verified_match","2026-09-29T15:11:05.032477+00:00","no_unique_verified_match","2026-09-29T15:14:10.517015+00:00","no_unique_verified_match"
"2026-09-30T06:15:20Z","ferry_port","data_go_kr_maritime","","SEA97640","연안순회","","no_unique_verified_match","2026-09-29T15:11:05.267421+00:00","no_unique_verified_match","2026-09-29T15:14:11.096527+00:00","no_unique_verified_match"
"2026-09-30T06:15:20Z","ferry_port","data_go_kr_maritime","","SEA97650","우도","","no_unique_verified_match","2026-09-29T15:11:05.442913+00:00","no_unique_verified_match","2026-09-29T15:14:11.680021+00:00","no_unique_verified_match"
"2026-09-30T06:15:20Z","ferry_port","data_go_kr_maritime","","SEA97660","후쿠오카","","no_unique_verified_match","2026-09-29T15:13:05.554842+00:00","no_unique_verified_match","2026-09-29T15:18:59.744437+00:00","no_unique_verified_match"
"2026-09-30T06:15:20Z","ferry_port","data_go_kr_maritime","","SEA97670","여의도","","no_unique_verified_match","2026-09-29T15:10:44.698297+00:00","no_unique_verified_match","2026-09-29T15:13:40.554518+00:00","no_unique_verified_match"
"2026-09-30T06:15:20Z","ferry_port","data_go_kr_maritime","","SEA97680","돌산_우두리","","not_searched","","not_searched","","excluded_composite_name"
"2026-09-30T06:15:20Z","ferry_port","data_go_kr_maritime","","SEA97700","부산_영도","","not_searched","","not_searched","","excluded_composite_name"
"2026-09-30T06:15:20Z","ferry_port","data_go_kr_maritime","","SEA97710","오륙도","","no_unique_verified_match","2026-09-29T15:10:46.626428+00:00","no_unique_verified_match","2026-09-29T15:13:43.826997+00:00","no_unique_verified_match"
"2026-09-30T06:15:20Z","ferry_port","data_go_kr_maritime","","SEA97720","제주_송악산_산이수동","","not_searched","","not_searched","","excluded_composite_name"
"2026-09-30T06:15:20Z","ferry_port","data_go_kr_maritime","","SEA97730","동백부두","","no_unique_verified_match","2026-09-29T15:10:46.678716+00:00","no_unique_verified_match","2026-09-29T15:13:44.339992+00:00","no_unique_verified_match"
"2026-09-30T06:15:20Z","ferry_port","data_go_kr_maritime","","SEA97740","팽목_순회","","not_searched","","not_searched","","excluded_composite_name"
"2026-09-30T06:15:20Z","ferry_port","data_go_kr_maritime","","SEA97750","사량_답포","","not_searched","","not_searched","","excluded_composite_name"
"2026-09-30T06:15:20Z","ferry_port","data_go_kr_maritime","","SEA97751","사량_먹방","","not_searched","","not_searched","","excluded_composite_name"
"2026-09-30T06:15:20Z","ferry_port","data_go_kr_maritime","","SEA97752","사량_사금","","not_searched","","not_searched","","excluded_composite_name"
"2026-09-30T06:15:20Z","ferry_port","data_go_kr_maritime","","SEA97753","사량_읍포","","not_searched","","not_searched","","excluded_composite_name"
"2026-09-30T06:15:20Z","ferry_port","data_go_kr_maritime","","SEA97754","사량_외지","","not_searched","","not_searched","","excluded_composite_name"
"2026-09-30T06:15:20Z","ferry_port","data_go_kr_maritime","","SEA97755","사량_돈지","","not_searched","","not_searched","","excluded_composite_name"
"2026-09-30T06:15:20Z","ferry_port","data_go_kr_maritime","","SEA97760","삼천포_서동","","not_searched","","not_searched","","excluded_composite_name"
"2026-09-30T06:15:20Z","ferry_port","data_go_kr_maritime","","SEA97761","삼천포_서동(순회)","","not_searched","","not_searched","","excluded_composite_name"
"2026-09-30T06:15:20Z","ferry_port","data_go_kr_maritime","","SEA97770","목섬","","no_unique_verified_match","2026-09-29T15:13:03.80759+00:00","no_unique_verified_match","2026-09-29T15:18:56.571335+00:00","no_unique_verified_match"
"2026-09-30T06:15:20Z","ferry_port","data_go_kr_maritime","","SEA97780","한산_진두(순회)","","not_searched","","not_searched","","excluded_composite_name"
"2026-09-30T06:15:20Z","ferry_port","data_go_kr_maritime","","SEA97790","동해국제","","no_unique_verified_match","2026-09-29T15:11:08.743739+00:00","no_unique_verified_match","2026-09-29T15:14:16.856319+00:00","no_unique_verified_match"
"2026-09-30T06:15:20Z","ferry_port","data_go_kr_maritime","","SEA97800","블라디보스톡","","no_unique_verified_match","2026-09-29T15:13:05.695952+00:00","no_unique_verified_match","2026-09-29T15:19:00.152006+00:00","no_unique_verified_match"
"2026-09-30T06:15:20Z","ferry_port","data_go_kr_maritime","","SEA97810","사카이미나토","","no_unique_verified_match","2026-09-29T15:13:05.809705+00:00","no_unique_verified_match","2026-09-29T15:19:00.511216+00:00","no_unique_verified_match"
"2026-09-30T06:15:20Z","ferry_port","data_go_kr_maritime","","SEA99999","주요섬","","no_unique_verified_match","2026-09-29T15:10:44.55691+00:00","no_unique_verified_match","2026-09-29T15:13:40.293741+00:00","no_unique_verified_match"
